INDUSTRY,QUARTER,YEAR,CAUSE,VALUE_%,CONDITION
Textiles,4,2003,RAW_MATERIAL_%,6.7,BEFORE COVID-19
Textiles,1,2004,RAW_MATERIAL_%,6.67,BEFORE COVID-19
Textiles,2,2004,RAW_MATERIAL_%,7.18,BEFORE COVID-19
Textiles,3,2004,RAW_MATERIAL_%,11.8,BEFORE COVID-19
Textiles,4,2004,RAW_MATERIAL_%,12.73,BEFORE COVID-19
Textiles,1,2005,RAW_MATERIAL_%,12.21,BEFORE COVID-19
Textiles,2,2005,RAW_MATERIAL_%,8.47,BEFORE COVID-19
Textiles,3,2005,RAW_MATERIAL_%,7.82,BEFORE COVID-19
Textiles,4,2005,RAW_MATERIAL_%,16.67,BEFORE COVID-19
Textiles,1,2006,RAW_MATERIAL_%,10.39,BEFORE COVID-19
Textiles,2,2006,RAW_MATERIAL_%,7.64,BEFORE COVID-19
Textiles,3,2006,RAW_MATERIAL_%,7.35,BEFORE COVID-19
Textiles,4,2006,RAW_MATERIAL_%,5.84,BEFORE COVID-19
Textiles,1,2007,RAW_MATERIAL_%,8.7,BEFORE COVID-19
Textiles,2,2007,RAW_MATERIAL_%,6.67,BEFORE COVID-19
Textiles,3,2007,RAW_MATERIAL_%,8.07,BEFORE COVID-19
Textiles,4,2007,RAW_MATERIAL_%,6.75,BEFORE COVID-19
Textiles,1,2008,RAW_MATERIAL_%,7.49,BEFORE COVID-19
Textiles,2,2008,RAW_MATERIAL_%,5.39,BEFORE COVID-19
Textiles,3,2008,RAW_MATERIAL_%,6.77,BEFORE COVID-19
Textiles,4,2008,RAW_MATERIAL_%,9.57,BEFORE COVID-19
Textiles,1,2009,RAW_MATERIAL_%,6.59,BEFORE COVID-19
Textiles,2,2009,RAW_MATERIAL_%,3.6,BEFORE COVID-19
Textiles,3,2009,RAW_MATERIAL_%,4.91,BEFORE COVID-19
Textiles,4,2009,RAW_MATERIAL_%,6.81,BEFORE COVID-19
Textiles,1,2010,RAW_MATERIAL_%,12.54,BEFORE COVID-19
Textiles,2,2010,RAW_MATERIAL_%,13.48,BEFORE COVID-19
Textiles,3,2010,RAW_MATERIAL_%,7.88,BEFORE COVID-19
Textiles,4,2010,RAW_MATERIAL_%,8.96,BEFORE COVID-19
Textiles,1,2011,RAW_MATERIAL_%,10.75,BEFORE COVID-19
Textiles,2,2011,RAW_MATERIAL_%,3.63,BEFORE COVID-19
Textiles,3,2011,RAW_MATERIAL_%,3.3,BEFORE COVID-19
Textiles,4,2011,RAW_MATERIAL_%,3.47,BEFORE COVID-19
Textiles,1,2012,RAW_MATERIAL_%,3.55,BEFORE COVID-19
Textiles,2,2012,RAW_MATERIAL_%,3.3,BEFORE COVID-19
Textiles,3,2012,RAW_MATERIAL_%,2.03,BEFORE COVID-19
Textiles,4,2012,RAW_MATERIAL_%,4.03,BEFORE COVID-19
Textiles,1,2013,RAW_MATERIAL_%,5.56,BEFORE COVID-19
Textiles,2,2013,RAW_MATERIAL_%,4.89,BEFORE COVID-19
Textiles,3,2013,RAW_MATERIAL_%,3.53,BEFORE COVID-19
Textiles,4,2013,RAW_MATERIAL_%,4.21,BEFORE COVID-19
Textiles,1,2014,RAW_MATERIAL_%,3.88,BEFORE COVID-19
Textiles,2,2014,RAW_MATERIAL_%,2.27,BEFORE COVID-19
Textiles,3,2014,RAW_MATERIAL_%,1.6,BEFORE COVID-19
Textiles,4,2014,RAW_MATERIAL_%,5.56,BEFORE COVID-19
Textiles,1,2015,RAW_MATERIAL_%,4.96,BEFORE COVID-19
Textiles,2,2015,RAW_MATERIAL_%,3.95,BEFORE COVID-19
Textiles,3,2015,RAW_MATERIAL_%,3.75,BEFORE COVID-19
Textiles,4,2015,RAW_MATERIAL_%,4.11,BEFORE COVID-19
Textiles,1,2016,RAW_MATERIAL_%,3.97,BEFORE COVID-19
Textiles,2,2016,RAW_MATERIAL_%,4.38,BEFORE COVID-19
Textiles,3,2016,RAW_MATERIAL_%,5.35,BEFORE COVID-19
Textiles,4,2016,RAW_MATERIAL_%,3.61,BEFORE COVID-19
Textiles,1,2017,RAW_MATERIAL_%,5.59,BEFORE COVID-19
Textiles,2,2017,RAW_MATERIAL_%,4.96,BEFORE COVID-19
Textiles,3,2017,RAW_MATERIAL_%,4.89,BEFORE COVID-19
Textiles,4,2017,RAW_MATERIAL_%,5.69,BEFORE COVID-19
Textiles,1,2018,RAW_MATERIAL_%,4.91,BEFORE COVID-19
Textiles,2,2018,RAW_MATERIAL_%,5.29,BEFORE COVID-19
Textiles,3,2018,RAW_MATERIAL_%,5.95,BEFORE COVID-19
Textiles,4,2018,RAW_MATERIAL_%,4.13,BEFORE COVID-19
Textiles,1,2019,RAW_MATERIAL_%,3.72,BEFORE COVID-19
Textiles,2,2019,RAW_MATERIAL_%,5.01,BEFORE COVID-19
Textiles,3,2019,RAW_MATERIAL_%,5.31,BEFORE COVID-19
Textiles,4,2019,RAW_MATERIAL_%,5.11,BEFORE COVID-19
Textiles,1,2020,RAW_MATERIAL_%,5.0,BEFORE COVID-19
Textiles,2,2020,RAW_MATERIAL_%,6.44,DURING COVID-19
Textiles,3,2020,RAW_MATERIAL_%,7.25,DURING COVID-19
Textiles,4,2020,RAW_MATERIAL_%,9.41,DURING COVID-19
Textiles,1,2021,RAW_MATERIAL_%,10.66,DURING COVID-19
Textiles,2,2021,RAW_MATERIAL_%,11.93,DURING COVID-19
Textiles,3,2021,RAW_MATERIAL_%,9.5,DURING COVID-19
Textiles,4,2021,RAW_MATERIAL_%,9.91,DURING COVID-19
Wearing apparel,4,2003,RAW_MATERIAL_%,9.68,BEFORE COVID-19
Wearing apparel,1,2004,RAW_MATERIAL_%,10.71,BEFORE COVID-19
Wearing apparel,2,2004,RAW_MATERIAL_%,7.23,BEFORE COVID-19
Wearing apparel,3,2004,RAW_MATERIAL_%,10.0,BEFORE COVID-19
Wearing apparel,4,2004,RAW_MATERIAL_%,22.54,BEFORE COVID-19
Wearing apparel,1,2005,RAW_MATERIAL_%,4.73,BEFORE COVID-19
Wearing apparel,2,2005,RAW_MATERIAL_%,4.69,BEFORE COVID-19
Wearing apparel,3,2005,RAW_MATERIAL_%,2.2,BEFORE COVID-19
Wearing apparel,4,2005,RAW_MATERIAL_%,1.29,BEFORE COVID-19
Wearing apparel,1,2006,RAW_MATERIAL_%,5.13,BEFORE COVID-19
Wearing apparel,2,2006,RAW_MATERIAL_%,4.71,BEFORE COVID-19
Wearing apparel,3,2006,RAW_MATERIAL_%,10.69,BEFORE COVID-19
Wearing apparel,4,2006,RAW_MATERIAL_%,12.21,BEFORE COVID-19
Wearing apparel,1,2007,RAW_MATERIAL_%,11.18,BEFORE COVID-19
Wearing apparel,2,2007,RAW_MATERIAL_%,9.63,BEFORE COVID-19
Wearing apparel,3,2007,RAW_MATERIAL_%,8.43,BEFORE COVID-19
Wearing apparel,4,2007,RAW_MATERIAL_%,7.95,BEFORE COVID-19
Wearing apparel,1,2008,RAW_MATERIAL_%,8.33,BEFORE COVID-19
Wearing apparel,2,2008,RAW_MATERIAL_%,8.93,BEFORE COVID-19
Wearing apparel,3,2008,RAW_MATERIAL_%,9.25,BEFORE COVID-19
Wearing apparel,4,2008,RAW_MATERIAL_%,5.88,BEFORE COVID-19
Wearing apparel,1,2009,RAW_MATERIAL_%,8.63,BEFORE COVID-19
Wearing apparel,2,2009,RAW_MATERIAL_%,5.61,BEFORE COVID-19
Wearing apparel,3,2009,RAW_MATERIAL_%,4.69,BEFORE COVID-19
Wearing apparel,4,2009,RAW_MATERIAL_%,6.57,BEFORE COVID-19
Wearing apparel,1,2010,RAW_MATERIAL_%,5.83,BEFORE COVID-19
Wearing apparel,2,2010,RAW_MATERIAL_%,8.47,BEFORE COVID-19
Wearing apparel,3,2010,RAW_MATERIAL_%,4.29,BEFORE COVID-19
Wearing apparel,4,2010,RAW_MATERIAL_%,3.38,BEFORE COVID-19
Wearing apparel,1,2011,RAW_MATERIAL_%,3.43,BEFORE COVID-19
Wearing apparel,2,2011,RAW_MATERIAL_%,2.96,BEFORE COVID-19
Wearing apparel,3,2011,RAW_MATERIAL_%,7.02,BEFORE COVID-19
Wearing apparel,4,2011,RAW_MATERIAL_%,5.24,BEFORE COVID-19
Wearing apparel,1,2012,RAW_MATERIAL_%,4.89,BEFORE COVID-19
Wearing apparel,2,2012,RAW_MATERIAL_%,6.61,BEFORE COVID-19
Wearing apparel,3,2012,RAW_MATERIAL_%,2.08,BEFORE COVID-19
Wearing apparel,4,2012,RAW_MATERIAL_%,3.57,BEFORE COVID-19
Wearing apparel,1,2013,RAW_MATERIAL_%,6.81,BEFORE COVID-19
Wearing apparel,2,2013,RAW_MATERIAL_%,8.7,BEFORE COVID-19
Wearing apparel,3,2013,RAW_MATERIAL_%,3.57,BEFORE COVID-19
Wearing apparel,4,2013,RAW_MATERIAL_%,2.73,BEFORE COVID-19
Wearing apparel,1,2014,RAW_MATERIAL_%,2.0,BEFORE COVID-19
Wearing apparel,2,2014,RAW_MATERIAL_%,2.23,BEFORE COVID-19
Wearing apparel,3,2014,RAW_MATERIAL_%,3.35,BEFORE COVID-19
Wearing apparel,4,2014,RAW_MATERIAL_%,3.08,BEFORE COVID-19
Wearing apparel,1,2015,RAW_MATERIAL_%,2.43,BEFORE COVID-19
Wearing apparel,2,2015,RAW_MATERIAL_%,2.37,BEFORE COVID-19
Wearing apparel,3,2015,RAW_MATERIAL_%,2.84,BEFORE COVID-19
Wearing apparel,4,2015,RAW_MATERIAL_%,2.9,BEFORE COVID-19
Wearing apparel,1,2016,RAW_MATERIAL_%,3.69,BEFORE COVID-19
Wearing apparel,2,2016,RAW_MATERIAL_%,2.61,BEFORE COVID-19
Wearing apparel,3,2016,RAW_MATERIAL_%,2.61,BEFORE COVID-19
Wearing apparel,4,2016,RAW_MATERIAL_%,3.03,BEFORE COVID-19
Wearing apparel,1,2017,RAW_MATERIAL_%,1.65,BEFORE COVID-19
Wearing apparel,2,2017,RAW_MATERIAL_%,2.41,BEFORE COVID-19
Wearing apparel,3,2017,RAW_MATERIAL_%,2.38,BEFORE COVID-19
Wearing apparel,4,2017,RAW_MATERIAL_%,2.47,BEFORE COVID-19
Wearing apparel,1,2018,RAW_MATERIAL_%,2.46,BEFORE COVID-19
Wearing apparel,2,2018,RAW_MATERIAL_%,1.98,BEFORE COVID-19
Wearing apparel,3,2018,RAW_MATERIAL_%,2.36,BEFORE COVID-19
Wearing apparel,4,2018,RAW_MATERIAL_%,2.39,BEFORE COVID-19
Wearing apparel,1,2019,RAW_MATERIAL_%,2.07,BEFORE COVID-19
Wearing apparel,2,2019,RAW_MATERIAL_%,2.41,BEFORE COVID-19
Wearing apparel,3,2019,RAW_MATERIAL_%,2.38,BEFORE COVID-19
Wearing apparel,4,2019,RAW_MATERIAL_%,2.43,BEFORE COVID-19
Wearing apparel,1,2020,RAW_MATERIAL_%,1.61,BEFORE COVID-19
Wearing apparel,2,2020,RAW_MATERIAL_%,0.88,DURING COVID-19
Wearing apparel,3,2020,RAW_MATERIAL_%,1.16,DURING COVID-19
Wearing apparel,4,2020,RAW_MATERIAL_%,1.53,DURING COVID-19
Wearing apparel,1,2021,RAW_MATERIAL_%,3.77,DURING COVID-19
Wearing apparel,2,2021,RAW_MATERIAL_%,3.26,DURING COVID-19
Wearing apparel,3,2021,RAW_MATERIAL_%,5.61,DURING COVID-19
Wearing apparel,4,2021,RAW_MATERIAL_%,2.58,DURING COVID-19
Leather,4,2003,RAW_MATERIAL_%,19.23,BEFORE COVID-19
Leather,1,2004,RAW_MATERIAL_%,19.61,BEFORE COVID-19
Leather,2,2004,RAW_MATERIAL_%,11.4,BEFORE COVID-19
Leather,3,2004,RAW_MATERIAL_%,10.06,BEFORE COVID-19
Leather,4,2004,RAW_MATERIAL_%,14.37,BEFORE COVID-19
Leather,1,2005,RAW_MATERIAL_%,1.63,BEFORE COVID-19
Leather,2,2005,RAW_MATERIAL_%,4.59,BEFORE COVID-19
Leather,3,2005,RAW_MATERIAL_%,8.46,BEFORE COVID-19
Leather,4,2005,RAW_MATERIAL_%,2.73,BEFORE COVID-19
Leather,1,2006,RAW_MATERIAL_%,8.7,BEFORE COVID-19
Leather,2,2006,RAW_MATERIAL_%,8.48,BEFORE COVID-19
Leather,3,2006,RAW_MATERIAL_%,14.55,BEFORE COVID-19
Leather,4,2006,RAW_MATERIAL_%,12.24,BEFORE COVID-19
Leather,1,2007,RAW_MATERIAL_%,23.23,BEFORE COVID-19
Leather,2,2007,RAW_MATERIAL_%,56.81,BEFORE COVID-19
Leather,3,2007,RAW_MATERIAL_%,53.72,BEFORE COVID-19
Leather,4,2007,RAW_MATERIAL_%,56.58,BEFORE COVID-19
Leather,1,2008,RAW_MATERIAL_%,47.91,BEFORE COVID-19
Leather,2,2008,RAW_MATERIAL_%,49.49,BEFORE COVID-19
Leather,3,2008,RAW_MATERIAL_%,44.59,BEFORE COVID-19
Leather,4,2008,RAW_MATERIAL_%,26.22,BEFORE COVID-19
Leather,1,2009,RAW_MATERIAL_%,25.34,BEFORE COVID-19
Leather,2,2009,RAW_MATERIAL_%,24.04,BEFORE COVID-19
Leather,3,2009,RAW_MATERIAL_%,31.36,BEFORE COVID-19
Leather,4,2009,RAW_MATERIAL_%,13.21,BEFORE COVID-19
Leather,1,2010,RAW_MATERIAL_%,11.76,BEFORE COVID-19
Leather,2,2010,RAW_MATERIAL_%,40.89,BEFORE COVID-19
Leather,3,2010,RAW_MATERIAL_%,32.73,BEFORE COVID-19
Leather,4,2010,RAW_MATERIAL_%,27.04,BEFORE COVID-19
Leather,1,2011,RAW_MATERIAL_%,23.83,BEFORE COVID-19
Leather,2,2011,RAW_MATERIAL_%,10.56,BEFORE COVID-19
Leather,3,2011,RAW_MATERIAL_%,8.33,BEFORE COVID-19
Leather,4,2011,RAW_MATERIAL_%,12.65,BEFORE COVID-19
Leather,1,2012,RAW_MATERIAL_%,10.32,BEFORE COVID-19
Leather,2,2012,RAW_MATERIAL_%,9.76,BEFORE COVID-19
Leather,3,2012,RAW_MATERIAL_%,9.6,BEFORE COVID-19
Leather,4,2012,RAW_MATERIAL_%,11.18,BEFORE COVID-19
Leather,1,2013,RAW_MATERIAL_%,11.81,BEFORE COVID-19
Leather,2,2013,RAW_MATERIAL_%,11.53,BEFORE COVID-19
Leather,3,2013,RAW_MATERIAL_%,12.26,BEFORE COVID-19
Leather,4,2013,RAW_MATERIAL_%,17.14,BEFORE COVID-19
Leather,1,2014,RAW_MATERIAL_%,18.09,BEFORE COVID-19
Leather,2,2014,RAW_MATERIAL_%,13.62,BEFORE COVID-19
Leather,3,2014,RAW_MATERIAL_%,13.14,BEFORE COVID-19
Leather,4,2014,RAW_MATERIAL_%,15.75,BEFORE COVID-19
Leather,1,2015,RAW_MATERIAL_%,15.15,BEFORE COVID-19
Leather,2,2015,RAW_MATERIAL_%,17.65,BEFORE COVID-19
Leather,3,2015,RAW_MATERIAL_%,18.82,BEFORE COVID-19
Leather,4,2015,RAW_MATERIAL_%,15.62,BEFORE COVID-19
Leather,1,2016,RAW_MATERIAL_%,15.81,BEFORE COVID-19
Leather,2,2016,RAW_MATERIAL_%,19.92,BEFORE COVID-19
Leather,3,2016,RAW_MATERIAL_%,19.5,BEFORE COVID-19
Leather,4,2016,RAW_MATERIAL_%,14.4,BEFORE COVID-19
Leather,1,2017,RAW_MATERIAL_%,19.69,BEFORE COVID-19
Leather,2,2017,RAW_MATERIAL_%,19.5,BEFORE COVID-19
Leather,3,2017,RAW_MATERIAL_%,13.56,BEFORE COVID-19
Leather,4,2017,RAW_MATERIAL_%,16.34,BEFORE COVID-19
Leather,1,2018,RAW_MATERIAL_%,20.16,BEFORE COVID-19
Leather,2,2018,RAW_MATERIAL_%,19.93,BEFORE COVID-19
Leather,3,2018,RAW_MATERIAL_%,15.84,BEFORE COVID-19
Leather,4,2018,RAW_MATERIAL_%,12.23,BEFORE COVID-19
Leather,1,2019,RAW_MATERIAL_%,8.74,BEFORE COVID-19
Leather,2,2019,RAW_MATERIAL_%,10.11,BEFORE COVID-19
Leather,3,2019,RAW_MATERIAL_%,9.64,BEFORE COVID-19
Leather,4,2019,RAW_MATERIAL_%,6.98,BEFORE COVID-19
Leather,1,2020,RAW_MATERIAL_%,7.4,BEFORE COVID-19
Leather,2,2020,RAW_MATERIAL_%,3.99,DURING COVID-19
Leather,3,2020,RAW_MATERIAL_%,8.31,DURING COVID-19
Leather,4,2020,RAW_MATERIAL_%,5.43,DURING COVID-19
Leather,1,2021,RAW_MATERIAL_%,8.29,DURING COVID-19
Leather,2,2021,RAW_MATERIAL_%,18.88,DURING COVID-19
Leather,3,2021,RAW_MATERIAL_%,19.63,DURING COVID-19
Leather,4,2021,RAW_MATERIAL_%,17.87,DURING COVID-19
Footwear,4,2003,RAW_MATERIAL_%,14.44,BEFORE COVID-19
Footwear,1,2004,RAW_MATERIAL_%,5.05,BEFORE COVID-19
Footwear,2,2004,RAW_MATERIAL_%,11.76,BEFORE COVID-19
Footwear,3,2004,RAW_MATERIAL_%,10.83,BEFORE COVID-19
Footwear,4,2004,RAW_MATERIAL_%,0.0,BEFORE COVID-19
Footwear,1,2005,RAW_MATERIAL_%,5.15,BEFORE COVID-19
Footwear,2,2005,RAW_MATERIAL_%,6.36,BEFORE COVID-19
Footwear,3,2005,RAW_MATERIAL_%,9.31,BEFORE COVID-19
Footwear,4,2005,RAW_MATERIAL_%,18.45,BEFORE COVID-19
Footwear,1,2006,RAW_MATERIAL_%,4.76,BEFORE COVID-19
Footwear,2,2006,RAW_MATERIAL_%,10.57,BEFORE COVID-19
Footwear,3,2006,RAW_MATERIAL_%,8.65,BEFORE COVID-19
Footwear,4,2006,RAW_MATERIAL_%,13.13,BEFORE COVID-19
Footwear,1,2007,RAW_MATERIAL_%,13.27,BEFORE COVID-19
Footwear,2,2007,RAW_MATERIAL_%,16.3,BEFORE COVID-19
Footwear,3,2007,RAW_MATERIAL_%,6.67,BEFORE COVID-19
Footwear,4,2007,RAW_MATERIAL_%,5.36,BEFORE COVID-19
Footwear,1,2008,RAW_MATERIAL_%,6.82,BEFORE COVID-19
Footwear,2,2008,RAW_MATERIAL_%,7.23,BEFORE COVID-19
Footwear,3,2008,RAW_MATERIAL_%,6.52,BEFORE COVID-19
Footwear,4,2008,RAW_MATERIAL_%,3.08,BEFORE COVID-19
Footwear,1,2009,RAW_MATERIAL_%,8.57,BEFORE COVID-19
Footwear,2,2009,RAW_MATERIAL_%,0.0,BEFORE COVID-19
Footwear,3,2009,RAW_MATERIAL_%,0.0,BEFORE COVID-19
Footwear,4,2009,RAW_MATERIAL_%,0.0,BEFORE COVID-19
Footwear,1,2010,RAW_MATERIAL_%,0.0,BEFORE COVID-19
Footwear,2,2010,RAW_MATERIAL_%,14.93,BEFORE COVID-19
Footwear,3,2010,RAW_MATERIAL_%,6.43,BEFORE COVID-19
Footwear,4,2010,RAW_MATERIAL_%,12.5,BEFORE COVID-19
Footwear,1,2011,RAW_MATERIAL_%,13.18,BEFORE COVID-19
Footwear,2,2011,RAW_MATERIAL_%,18.26,BEFORE COVID-19
Footwear,3,2011,RAW_MATERIAL_%,9.7,BEFORE COVID-19
Footwear,4,2011,RAW_MATERIAL_%,11.82,BEFORE COVID-19
Footwear,1,2012,RAW_MATERIAL_%,9.38,BEFORE COVID-19
Footwear,2,2012,RAW_MATERIAL_%,15.25,BEFORE COVID-19
Footwear,3,2012,RAW_MATERIAL_%,18.92,BEFORE COVID-19
Footwear,4,2012,RAW_MATERIAL_%,8.49,BEFORE COVID-19
Footwear,1,2013,RAW_MATERIAL_%,16.67,BEFORE COVID-19
Footwear,2,2013,RAW_MATERIAL_%,23.53,BEFORE COVID-19
Footwear,3,2013,RAW_MATERIAL_%,13.27,BEFORE COVID-19
Footwear,4,2013,RAW_MATERIAL_%,15.79,BEFORE COVID-19
Footwear,1,2014,RAW_MATERIAL_%,18.46,BEFORE COVID-19
Footwear,2,2014,RAW_MATERIAL_%,15.48,BEFORE COVID-19
Footwear,3,2014,RAW_MATERIAL_%,14.55,BEFORE COVID-19
Footwear,4,2014,RAW_MATERIAL_%,14.39,BEFORE COVID-19
Footwear,1,2015,RAW_MATERIAL_%,14.39,BEFORE COVID-19
Footwear,2,2015,RAW_MATERIAL_%,12.68,BEFORE COVID-19
Footwear,3,2015,RAW_MATERIAL_%,16.17,BEFORE COVID-19
Footwear,4,2015,RAW_MATERIAL_%,8.12,BEFORE COVID-19
Footwear,1,2016,RAW_MATERIAL_%,12.58,BEFORE COVID-19
Footwear,2,2016,RAW_MATERIAL_%,15.08,BEFORE COVID-19
Footwear,3,2016,RAW_MATERIAL_%,13.1,BEFORE COVID-19
Footwear,4,2016,RAW_MATERIAL_%,10.14,BEFORE COVID-19
Footwear,1,2017,RAW_MATERIAL_%,10.79,BEFORE COVID-19
Footwear,2,2017,RAW_MATERIAL_%,10.05,BEFORE COVID-19
Footwear,3,2017,RAW_MATERIAL_%,16.56,BEFORE COVID-19
Footwear,4,2017,RAW_MATERIAL_%,13.38,BEFORE COVID-19
Footwear,1,2018,RAW_MATERIAL_%,13.57,BEFORE COVID-19
Footwear,2,2018,RAW_MATERIAL_%,10.2,BEFORE COVID-19
Footwear,3,2018,RAW_MATERIAL_%,7.69,BEFORE COVID-19
Footwear,4,2018,RAW_MATERIAL_%,7.02,BEFORE COVID-19
Footwear,1,2019,RAW_MATERIAL_%,9.73,BEFORE COVID-19
Footwear,2,2019,RAW_MATERIAL_%,22.29,BEFORE COVID-19
Footwear,3,2019,RAW_MATERIAL_%,5.04,BEFORE COVID-19
Footwear,4,2019,RAW_MATERIAL_%,8.94,BEFORE COVID-19
Footwear,1,2020,RAW_MATERIAL_%,4.08,BEFORE COVID-19
Footwear,2,2020,RAW_MATERIAL_%,2.41,DURING COVID-19
Footwear,3,2020,RAW_MATERIAL_%,11.22,DURING COVID-19
Footwear,4,2020,RAW_MATERIAL_%,8.94,DURING COVID-19
Footwear,1,2021,RAW_MATERIAL_%,10.05,DURING COVID-19
Footwear,2,2021,RAW_MATERIAL_%,13.66,DURING COVID-19
Footwear,3,2021,RAW_MATERIAL_%,21.43,DURING COVID-19
Footwear,4,2021,RAW_MATERIAL_%,23.38,DURING COVID-19
Textiles,4,2003,SKILLED_LABOUR_%,9.09,BEFORE COVID-19
Textiles,1,2004,SKILLED_LABOUR_%,11.28,BEFORE COVID-19
Textiles,2,2004,SKILLED_LABOUR_%,6.63,BEFORE COVID-19
Textiles,3,2004,SKILLED_LABOUR_%,5.06,BEFORE COVID-19
Textiles,4,2004,SKILLED_LABOUR_%,4.09,BEFORE COVID-19
Textiles,1,2005,SKILLED_LABOUR_%,4.23,BEFORE COVID-19
Textiles,2,2005,SKILLED_LABOUR_%,4.76,BEFORE COVID-19
Textiles,3,2005,SKILLED_LABOUR_%,5.03,BEFORE COVID-19
Textiles,4,2005,SKILLED_LABOUR_%,2.27,BEFORE COVID-19
Textiles,1,2006,SKILLED_LABOUR_%,11.04,BEFORE COVID-19
Textiles,2,2006,SKILLED_LABOUR_%,6.94,BEFORE COVID-19
Textiles,3,2006,SKILLED_LABOUR_%,11.03,BEFORE COVID-19
Textiles,4,2006,SKILLED_LABOUR_%,6.57,BEFORE COVID-19
Textiles,1,2007,SKILLED_LABOUR_%,6.21,BEFORE COVID-19
Textiles,2,2007,SKILLED_LABOUR_%,10.91,BEFORE COVID-19
Textiles,3,2007,SKILLED_LABOUR_%,12.42,BEFORE COVID-19
Textiles,4,2007,SKILLED_LABOUR_%,12.27,BEFORE COVID-19
Textiles,1,2008,SKILLED_LABOUR_%,6.42,BEFORE COVID-19
Textiles,2,2008,SKILLED_LABOUR_%,4.9,BEFORE COVID-19
Textiles,3,2008,SKILLED_LABOUR_%,5.21,BEFORE COVID-19
Textiles,4,2008,SKILLED_LABOUR_%,3.72,BEFORE COVID-19
Textiles,1,2009,SKILLED_LABOUR_%,5.43,BEFORE COVID-19
Textiles,2,2009,SKILLED_LABOUR_%,2.52,BEFORE COVID-19
Textiles,3,2009,SKILLED_LABOUR_%,1.53,BEFORE COVID-19
Textiles,4,2009,SKILLED_LABOUR_%,2.51,BEFORE COVID-19
Textiles,1,2010,SKILLED_LABOUR_%,2.79,BEFORE COVID-19
Textiles,2,2010,SKILLED_LABOUR_%,3.37,BEFORE COVID-19
Textiles,3,2010,SKILLED_LABOUR_%,3.08,BEFORE COVID-19
Textiles,4,2010,SKILLED_LABOUR_%,5.38,BEFORE COVID-19
Textiles,1,2011,SKILLED_LABOUR_%,2.87,BEFORE COVID-19
Textiles,2,2011,SKILLED_LABOUR_%,1.65,BEFORE COVID-19
Textiles,3,2011,SKILLED_LABOUR_%,2.64,BEFORE COVID-19
Textiles,4,2011,SKILLED_LABOUR_%,2.08,BEFORE COVID-19
Textiles,1,2012,SKILLED_LABOUR_%,2.48,BEFORE COVID-19
Textiles,2,2012,SKILLED_LABOUR_%,0.99,BEFORE COVID-19
Textiles,3,2012,SKILLED_LABOUR_%,2.36,BEFORE COVID-19
Textiles,4,2012,SKILLED_LABOUR_%,3.66,BEFORE COVID-19
Textiles,1,2013,SKILLED_LABOUR_%,1.74,BEFORE COVID-19
Textiles,2,2013,SKILLED_LABOUR_%,0.65,BEFORE COVID-19
Textiles,3,2013,SKILLED_LABOUR_%,0.35,BEFORE COVID-19
Textiles,4,2013,SKILLED_LABOUR_%,0.77,BEFORE COVID-19
Textiles,1,2014,SKILLED_LABOUR_%,1.94,BEFORE COVID-19
Textiles,2,2014,SKILLED_LABOUR_%,1.62,BEFORE COVID-19
Textiles,3,2014,SKILLED_LABOUR_%,1.28,BEFORE COVID-19
Textiles,4,2014,SKILLED_LABOUR_%,1.85,BEFORE COVID-19
Textiles,1,2015,SKILLED_LABOUR_%,1.06,BEFORE COVID-19
Textiles,2,2015,SKILLED_LABOUR_%,1.97,BEFORE COVID-19
Textiles,3,2015,SKILLED_LABOUR_%,0.68,BEFORE COVID-19
Textiles,4,2015,SKILLED_LABOUR_%,2.05,BEFORE COVID-19
Textiles,1,2016,SKILLED_LABOUR_%,1.99,BEFORE COVID-19
Textiles,2,2016,SKILLED_LABOUR_%,1.88,BEFORE COVID-19
Textiles,3,2016,SKILLED_LABOUR_%,3.46,BEFORE COVID-19
Textiles,4,2016,SKILLED_LABOUR_%,3.28,BEFORE COVID-19
Textiles,1,2017,SKILLED_LABOUR_%,1.76,BEFORE COVID-19
Textiles,2,2017,SKILLED_LABOUR_%,1.46,BEFORE COVID-19
Textiles,3,2017,SKILLED_LABOUR_%,1.72,BEFORE COVID-19
Textiles,4,2017,SKILLED_LABOUR_%,1.2,BEFORE COVID-19
Textiles,1,2018,SKILLED_LABOUR_%,2.02,BEFORE COVID-19
Textiles,2,2018,SKILLED_LABOUR_%,1.76,BEFORE COVID-19
Textiles,3,2018,SKILLED_LABOUR_%,2.38,BEFORE COVID-19
Textiles,4,2018,SKILLED_LABOUR_%,1.59,BEFORE COVID-19
Textiles,1,2019,SKILLED_LABOUR_%,2.48,BEFORE COVID-19
Textiles,2,2019,SKILLED_LABOUR_%,1.77,BEFORE COVID-19
Textiles,3,2019,SKILLED_LABOUR_%,2.06,BEFORE COVID-19
Textiles,4,2019,SKILLED_LABOUR_%,1.8,BEFORE COVID-19
Textiles,1,2020,SKILLED_LABOUR_%,2.65,BEFORE COVID-19
Textiles,2,2020,SKILLED_LABOUR_%,0.89,DURING COVID-19
Textiles,3,2020,SKILLED_LABOUR_%,2.42,DURING COVID-19
Textiles,4,2020,SKILLED_LABOUR_%,2.65,DURING COVID-19
Textiles,1,2021,SKILLED_LABOUR_%,3.17,DURING COVID-19
Textiles,2,2021,SKILLED_LABOUR_%,4.28,DURING COVID-19
Textiles,3,2021,SKILLED_LABOUR_%,3.56,DURING COVID-19
Textiles,4,2021,SKILLED_LABOUR_%,4.37,DURING COVID-19
Wearing apparel,4,2003,SKILLED_LABOUR_%,18.28,BEFORE COVID-19
Wearing apparel,1,2004,SKILLED_LABOUR_%,11.9,BEFORE COVID-19
Wearing apparel,2,2004,SKILLED_LABOUR_%,18.07,BEFORE COVID-19
Wearing apparel,3,2004,SKILLED_LABOUR_%,28.33,BEFORE COVID-19
Wearing apparel,4,2004,SKILLED_LABOUR_%,15.49,BEFORE COVID-19
Wearing apparel,1,2005,SKILLED_LABOUR_%,4.73,BEFORE COVID-19
Wearing apparel,2,2005,SKILLED_LABOUR_%,4.69,BEFORE COVID-19
Wearing apparel,3,2005,SKILLED_LABOUR_%,0.55,BEFORE COVID-19
Wearing apparel,4,2005,SKILLED_LABOUR_%,3.87,BEFORE COVID-19
Wearing apparel,1,2006,SKILLED_LABOUR_%,4.1,BEFORE COVID-19
Wearing apparel,2,2006,SKILLED_LABOUR_%,1.76,BEFORE COVID-19
Wearing apparel,3,2006,SKILLED_LABOUR_%,5.03,BEFORE COVID-19
Wearing apparel,4,2006,SKILLED_LABOUR_%,2.29,BEFORE COVID-19
Wearing apparel,1,2007,SKILLED_LABOUR_%,2.35,BEFORE COVID-19
Wearing apparel,2,2007,SKILLED_LABOUR_%,1.07,BEFORE COVID-19
Wearing apparel,3,2007,SKILLED_LABOUR_%,6.63,BEFORE COVID-19
Wearing apparel,4,2007,SKILLED_LABOUR_%,5.96,BEFORE COVID-19
Wearing apparel,1,2008,SKILLED_LABOUR_%,4.76,BEFORE COVID-19
Wearing apparel,2,2008,SKILLED_LABOUR_%,6.55,BEFORE COVID-19
Wearing apparel,3,2008,SKILLED_LABOUR_%,8.09,BEFORE COVID-19
Wearing apparel,4,2008,SKILLED_LABOUR_%,5.88,BEFORE COVID-19
Wearing apparel,1,2009,SKILLED_LABOUR_%,5.08,BEFORE COVID-19
Wearing apparel,2,2009,SKILLED_LABOUR_%,4.08,BEFORE COVID-19
Wearing apparel,3,2009,SKILLED_LABOUR_%,3.29,BEFORE COVID-19
Wearing apparel,4,2009,SKILLED_LABOUR_%,7.07,BEFORE COVID-19
Wearing apparel,1,2010,SKILLED_LABOUR_%,3.33,BEFORE COVID-19
Wearing apparel,2,2010,SKILLED_LABOUR_%,5.08,BEFORE COVID-19
Wearing apparel,3,2010,SKILLED_LABOUR_%,8.15,BEFORE COVID-19
Wearing apparel,4,2010,SKILLED_LABOUR_%,12.56,BEFORE COVID-19
Wearing apparel,1,2011,SKILLED_LABOUR_%,5.58,BEFORE COVID-19
Wearing apparel,2,2011,SKILLED_LABOUR_%,6.9,BEFORE COVID-19
Wearing apparel,3,2011,SKILLED_LABOUR_%,6.14,BEFORE COVID-19
Wearing apparel,4,2011,SKILLED_LABOUR_%,4.19,BEFORE COVID-19
Wearing apparel,1,2012,SKILLED_LABOUR_%,4.89,BEFORE COVID-19
Wearing apparel,2,2012,SKILLED_LABOUR_%,4.85,BEFORE COVID-19
Wearing apparel,3,2012,SKILLED_LABOUR_%,4.69,BEFORE COVID-19
Wearing apparel,4,2012,SKILLED_LABOUR_%,2.86,BEFORE COVID-19
Wearing apparel,1,2013,SKILLED_LABOUR_%,1.57,BEFORE COVID-19
Wearing apparel,2,2013,SKILLED_LABOUR_%,2.17,BEFORE COVID-19
Wearing apparel,3,2013,SKILLED_LABOUR_%,6.12,BEFORE COVID-19
Wearing apparel,4,2013,SKILLED_LABOUR_%,4.37,BEFORE COVID-19
Wearing apparel,1,2014,SKILLED_LABOUR_%,4.5,BEFORE COVID-19
Wearing apparel,2,2014,SKILLED_LABOUR_%,4.02,BEFORE COVID-19
Wearing apparel,3,2014,SKILLED_LABOUR_%,4.78,BEFORE COVID-19
Wearing apparel,4,2014,SKILLED_LABOUR_%,4.62,BEFORE COVID-19
Wearing apparel,1,2015,SKILLED_LABOUR_%,4.37,BEFORE COVID-19
Wearing apparel,2,2015,SKILLED_LABOUR_%,5.21,BEFORE COVID-19
Wearing apparel,3,2015,SKILLED_LABOUR_%,6.64,BEFORE COVID-19
Wearing apparel,4,2015,SKILLED_LABOUR_%,6.76,BEFORE COVID-19
Wearing apparel,1,2016,SKILLED_LABOUR_%,6.45,BEFORE COVID-19
Wearing apparel,2,2016,SKILLED_LABOUR_%,6.09,BEFORE COVID-19
Wearing apparel,3,2016,SKILLED_LABOUR_%,6.09,BEFORE COVID-19
Wearing apparel,4,2016,SKILLED_LABOUR_%,6.06,BEFORE COVID-19
Wearing apparel,1,2017,SKILLED_LABOUR_%,5.37,BEFORE COVID-19
Wearing apparel,2,2017,SKILLED_LABOUR_%,6.02,BEFORE COVID-19
Wearing apparel,3,2017,SKILLED_LABOUR_%,5.56,BEFORE COVID-19
Wearing apparel,4,2017,SKILLED_LABOUR_%,6.17,BEFORE COVID-19
Wearing apparel,1,2018,SKILLED_LABOUR_%,6.15,BEFORE COVID-19
Wearing apparel,2,2018,SKILLED_LABOUR_%,6.75,BEFORE COVID-19
Wearing apparel,3,2018,SKILLED_LABOUR_%,5.51,BEFORE COVID-19
Wearing apparel,4,2018,SKILLED_LABOUR_%,5.58,BEFORE COVID-19
Wearing apparel,1,2019,SKILLED_LABOUR_%,6.2,BEFORE COVID-19
Wearing apparel,2,2019,SKILLED_LABOUR_%,6.83,BEFORE COVID-19
Wearing apparel,3,2019,SKILLED_LABOUR_%,5.56,BEFORE COVID-19
Wearing apparel,4,2019,SKILLED_LABOUR_%,5.67,BEFORE COVID-19
Wearing apparel,1,2020,SKILLED_LABOUR_%,5.24,BEFORE COVID-19
Wearing apparel,2,2020,SKILLED_LABOUR_%,3.37,DURING COVID-19
Wearing apparel,3,2020,SKILLED_LABOUR_%,1.62,DURING COVID-19
Wearing apparel,4,2020,SKILLED_LABOUR_%,6.49,DURING COVID-19
Wearing apparel,1,2021,SKILLED_LABOUR_%,7.17,DURING COVID-19
Wearing apparel,2,2021,SKILLED_LABOUR_%,6.16,DURING COVID-19
Wearing apparel,3,2021,SKILLED_LABOUR_%,5.96,DURING COVID-19
Wearing apparel,4,2021,SKILLED_LABOUR_%,6.27,DURING COVID-19
Leather,4,2003,SKILLED_LABOUR_%,3.08,BEFORE COVID-19
Leather,1,2004,SKILLED_LABOUR_%,3.27,BEFORE COVID-19
Leather,2,2004,SKILLED_LABOUR_%,2.07,BEFORE COVID-19
Leather,3,2004,SKILLED_LABOUR_%,2.23,BEFORE COVID-19
Leather,4,2004,SKILLED_LABOUR_%,16.67,BEFORE COVID-19
Leather,1,2005,SKILLED_LABOUR_%,15.04,BEFORE COVID-19
Leather,2,2005,SKILLED_LABOUR_%,18.88,BEFORE COVID-19
Leather,3,2005,SKILLED_LABOUR_%,0.0,BEFORE COVID-19
Leather,4,2005,SKILLED_LABOUR_%,0.0,BEFORE COVID-19
Leather,1,2006,SKILLED_LABOUR_%,2.17,BEFORE COVID-19
Leather,2,2006,SKILLED_LABOUR_%,2.68,BEFORE COVID-19
Leather,3,2006,SKILLED_LABOUR_%,0.0,BEFORE COVID-19
Leather,4,2006,SKILLED_LABOUR_%,3.4,BEFORE COVID-19
Leather,1,2007,SKILLED_LABOUR_%,4.04,BEFORE COVID-19
Leather,2,2007,SKILLED_LABOUR_%,1.17,BEFORE COVID-19
Leather,3,2007,SKILLED_LABOUR_%,2.07,BEFORE COVID-19
Leather,4,2007,SKILLED_LABOUR_%,3.07,BEFORE COVID-19
Leather,1,2008,SKILLED_LABOUR_%,9.77,BEFORE COVID-19
Leather,2,2008,SKILLED_LABOUR_%,8.08,BEFORE COVID-19
Leather,3,2008,SKILLED_LABOUR_%,7.21,BEFORE COVID-19
Leather,4,2008,SKILLED_LABOUR_%,5.99,BEFORE COVID-19
Leather,1,2009,SKILLED_LABOUR_%,4.05,BEFORE COVID-19
Leather,2,2009,SKILLED_LABOUR_%,2.56,BEFORE COVID-19
Leather,3,2009,SKILLED_LABOUR_%,2.79,BEFORE COVID-19
Leather,4,2009,SKILLED_LABOUR_%,2.86,BEFORE COVID-19
Leather,1,2010,SKILLED_LABOUR_%,2.21,BEFORE COVID-19
Leather,2,2010,SKILLED_LABOUR_%,2.67,BEFORE COVID-19
Leather,3,2010,SKILLED_LABOUR_%,2.4,BEFORE COVID-19
Leather,4,2010,SKILLED_LABOUR_%,3.86,BEFORE COVID-19
Leather,1,2011,SKILLED_LABOUR_%,2.98,BEFORE COVID-19
Leather,2,2011,SKILLED_LABOUR_%,2.11,BEFORE COVID-19
Leather,3,2011,SKILLED_LABOUR_%,1.67,BEFORE COVID-19
Leather,4,2011,SKILLED_LABOUR_%,2.04,BEFORE COVID-19
Leather,1,2012,SKILLED_LABOUR_%,3.2,BEFORE COVID-19
Leather,2,2012,SKILLED_LABOUR_%,0.7,BEFORE COVID-19
Leather,3,2012,SKILLED_LABOUR_%,0.56,BEFORE COVID-19
Leather,4,2012,SKILLED_LABOUR_%,2.63,BEFORE COVID-19
Leather,1,2013,SKILLED_LABOUR_%,2.2,BEFORE COVID-19
Leather,2,2013,SKILLED_LABOUR_%,0.62,BEFORE COVID-19
Leather,3,2013,SKILLED_LABOUR_%,1.29,BEFORE COVID-19
Leather,4,2013,SKILLED_LABOUR_%,0.82,BEFORE COVID-19
Leather,1,2014,SKILLED_LABOUR_%,0.68,BEFORE COVID-19
Leather,2,2014,SKILLED_LABOUR_%,0.66,BEFORE COVID-19
Leather,3,2014,SKILLED_LABOUR_%,0.54,BEFORE COVID-19
Leather,4,2014,SKILLED_LABOUR_%,0.79,BEFORE COVID-19
Leather,1,2015,SKILLED_LABOUR_%,0.67,BEFORE COVID-19
Leather,2,2015,SKILLED_LABOUR_%,1.96,BEFORE COVID-19
Leather,3,2015,SKILLED_LABOUR_%,1.96,BEFORE COVID-19
Leather,4,2015,SKILLED_LABOUR_%,2.34,BEFORE COVID-19
Leather,1,2016,SKILLED_LABOUR_%,2.37,BEFORE COVID-19
Leather,2,2016,SKILLED_LABOUR_%,2.49,BEFORE COVID-19
Leather,3,2016,SKILLED_LABOUR_%,2.13,BEFORE COVID-19
Leather,4,2016,SKILLED_LABOUR_%,2.4,BEFORE COVID-19
Leather,1,2017,SKILLED_LABOUR_%,2.36,BEFORE COVID-19
Leather,2,2017,SKILLED_LABOUR_%,2.13,BEFORE COVID-19
Leather,3,2017,SKILLED_LABOUR_%,2.03,BEFORE COVID-19
Leather,4,2017,SKILLED_LABOUR_%,3.11,BEFORE COVID-19
Leather,1,2018,SKILLED_LABOUR_%,2.33,BEFORE COVID-19
Leather,2,2018,SKILLED_LABOUR_%,2.21,BEFORE COVID-19
Leather,3,2018,SKILLED_LABOUR_%,1.98,BEFORE COVID-19
Leather,4,2018,SKILLED_LABOUR_%,1.88,BEFORE COVID-19
Leather,1,2019,SKILLED_LABOUR_%,1.54,BEFORE COVID-19
Leather,2,2019,SKILLED_LABOUR_%,1.64,BEFORE COVID-19
Leather,3,2019,SKILLED_LABOUR_%,1.56,BEFORE COVID-19
Leather,4,2019,SKILLED_LABOUR_%,1.55,BEFORE COVID-19
Leather,1,2020,SKILLED_LABOUR_%,1.53,BEFORE COVID-19
Leather,2,2020,SKILLED_LABOUR_%,1.33,DURING COVID-19
Leather,3,2020,SKILLED_LABOUR_%,1.39,DURING COVID-19
Leather,4,2020,SKILLED_LABOUR_%,1.92,DURING COVID-19
Leather,1,2021,SKILLED_LABOUR_%,1.66,DURING COVID-19
Leather,2,2021,SKILLED_LABOUR_%,1.0,DURING COVID-19
Leather,3,2021,SKILLED_LABOUR_%,1.14,DURING COVID-19
Leather,4,2021,SKILLED_LABOUR_%,1.21,DURING COVID-19
Footwear,4,2003,SKILLED_LABOUR_%,3.89,BEFORE COVID-19
Footwear,1,2004,SKILLED_LABOUR_%,1.01,BEFORE COVID-19
Footwear,2,2004,SKILLED_LABOUR_%,12.83,BEFORE COVID-19
Footwear,3,2004,SKILLED_LABOUR_%,24.17,BEFORE COVID-19
Footwear,4,2004,SKILLED_LABOUR_%,2.76,BEFORE COVID-19
Footwear,1,2005,SKILLED_LABOUR_%,7.22,BEFORE COVID-19
Footwear,2,2005,SKILLED_LABOUR_%,5.93,BEFORE COVID-19
Footwear,3,2005,SKILLED_LABOUR_%,2.45,BEFORE COVID-19
Footwear,4,2005,SKILLED_LABOUR_%,6.55,BEFORE COVID-19
Footwear,1,2006,SKILLED_LABOUR_%,14.29,BEFORE COVID-19
Footwear,2,2006,SKILLED_LABOUR_%,4.88,BEFORE COVID-19
Footwear,3,2006,SKILLED_LABOUR_%,19.23,BEFORE COVID-19
Footwear,4,2006,SKILLED_LABOUR_%,6.06,BEFORE COVID-19
Footwear,1,2007,SKILLED_LABOUR_%,6.12,BEFORE COVID-19
Footwear,2,2007,SKILLED_LABOUR_%,3.26,BEFORE COVID-19
Footwear,3,2007,SKILLED_LABOUR_%,3.33,BEFORE COVID-19
Footwear,4,2007,SKILLED_LABOUR_%,2.68,BEFORE COVID-19
Footwear,1,2008,SKILLED_LABOUR_%,3.41,BEFORE COVID-19
Footwear,2,2008,SKILLED_LABOUR_%,3.61,BEFORE COVID-19
Footwear,3,2008,SKILLED_LABOUR_%,3.26,BEFORE COVID-19
Footwear,4,2008,SKILLED_LABOUR_%,1.54,BEFORE COVID-19
Footwear,1,2009,SKILLED_LABOUR_%,1.43,BEFORE COVID-19
Footwear,2,2009,SKILLED_LABOUR_%,2.5,BEFORE COVID-19
Footwear,3,2009,SKILLED_LABOUR_%,5.77,BEFORE COVID-19
Footwear,4,2009,SKILLED_LABOUR_%,0.0,BEFORE COVID-19
Footwear,1,2010,SKILLED_LABOUR_%,0.0,BEFORE COVID-19
Footwear,2,2010,SKILLED_LABOUR_%,20.9,BEFORE COVID-19
Footwear,3,2010,SKILLED_LABOUR_%,20.0,BEFORE COVID-19
Footwear,4,2010,SKILLED_LABOUR_%,20.59,BEFORE COVID-19
Footwear,1,2011,SKILLED_LABOUR_%,20.16,BEFORE COVID-19
Footwear,2,2011,SKILLED_LABOUR_%,5.22,BEFORE COVID-19
Footwear,3,2011,SKILLED_LABOUR_%,4.48,BEFORE COVID-19
Footwear,4,2011,SKILLED_LABOUR_%,5.45,BEFORE COVID-19
Footwear,1,2012,SKILLED_LABOUR_%,5.21,BEFORE COVID-19
Footwear,2,2012,SKILLED_LABOUR_%,7.63,BEFORE COVID-19
Footwear,3,2012,SKILLED_LABOUR_%,5.41,BEFORE COVID-19
Footwear,4,2012,SKILLED_LABOUR_%,4.72,BEFORE COVID-19
Footwear,1,2013,SKILLED_LABOUR_%,9.52,BEFORE COVID-19
Footwear,2,2013,SKILLED_LABOUR_%,8.82,BEFORE COVID-19
Footwear,3,2013,SKILLED_LABOUR_%,11.22,BEFORE COVID-19
Footwear,4,2013,SKILLED_LABOUR_%,11.4,BEFORE COVID-19
Footwear,1,2014,SKILLED_LABOUR_%,14.62,BEFORE COVID-19
Footwear,2,2014,SKILLED_LABOUR_%,16.77,BEFORE COVID-19
Footwear,3,2014,SKILLED_LABOUR_%,15.76,BEFORE COVID-19
Footwear,4,2014,SKILLED_LABOUR_%,13.67,BEFORE COVID-19
Footwear,1,2015,SKILLED_LABOUR_%,7.58,BEFORE COVID-19
Footwear,2,2015,SKILLED_LABOUR_%,3.52,BEFORE COVID-19
Footwear,3,2015,SKILLED_LABOUR_%,5.99,BEFORE COVID-19
Footwear,4,2015,SKILLED_LABOUR_%,3.12,BEFORE COVID-19
Footwear,1,2016,SKILLED_LABOUR_%,4.64,BEFORE COVID-19
Footwear,2,2016,SKILLED_LABOUR_%,5.59,BEFORE COVID-19
Footwear,3,2016,SKILLED_LABOUR_%,6.9,BEFORE COVID-19
Footwear,4,2016,SKILLED_LABOUR_%,4.73,BEFORE COVID-19
Footwear,1,2017,SKILLED_LABOUR_%,5.04,BEFORE COVID-19
Footwear,2,2017,SKILLED_LABOUR_%,5.29,BEFORE COVID-19
Footwear,3,2017,SKILLED_LABOUR_%,4.46,BEFORE COVID-19
Footwear,4,2017,SKILLED_LABOUR_%,7.04,BEFORE COVID-19
Footwear,1,2018,SKILLED_LABOUR_%,5.0,BEFORE COVID-19
Footwear,2,2018,SKILLED_LABOUR_%,4.76,BEFORE COVID-19
Footwear,3,2018,SKILLED_LABOUR_%,2.56,BEFORE COVID-19
Footwear,4,2018,SKILLED_LABOUR_%,2.63,BEFORE COVID-19
Footwear,1,2019,SKILLED_LABOUR_%,4.42,BEFORE COVID-19
Footwear,2,2019,SKILLED_LABOUR_%,4.46,BEFORE COVID-19
Footwear,3,2019,SKILLED_LABOUR_%,5.04,BEFORE COVID-19
Footwear,4,2019,SKILLED_LABOUR_%,12.2,BEFORE COVID-19
Footwear,1,2020,SKILLED_LABOUR_%,7.14,BEFORE COVID-19
Footwear,2,2020,SKILLED_LABOUR_%,4.6,DURING COVID-19
Footwear,3,2020,SKILLED_LABOUR_%,3.57,DURING COVID-19
Footwear,4,2020,SKILLED_LABOUR_%,12.2,DURING COVID-19
Footwear,1,2021,SKILLED_LABOUR_%,5.29,DURING COVID-19
Footwear,2,2021,SKILLED_LABOUR_%,7.1,DURING COVID-19
Footwear,3,2021,SKILLED_LABOUR_%,6.49,DURING COVID-19
Footwear,4,2021,SKILLED_LABOUR_%,0.0,DURING COVID-19
Textiles,4,2003,SEMI_AND_UNSKILLED LABOUR_%,2.87,BEFORE COVID-19
Textiles,1,2004,SEMI_AND_UNSKILLED LABOUR_%,2.56,BEFORE COVID-19
Textiles,2,2004,SEMI_AND_UNSKILLED LABOUR_%,0.0,BEFORE COVID-19
Textiles,3,2004,SEMI_AND_UNSKILLED LABOUR_%,0.56,BEFORE COVID-19
Textiles,4,2004,SEMI_AND_UNSKILLED LABOUR_%,0.45,BEFORE COVID-19
Textiles,1,2005,SEMI_AND_UNSKILLED LABOUR_%,0.47,BEFORE COVID-19
Textiles,2,2005,SEMI_AND_UNSKILLED LABOUR_%,1.06,BEFORE COVID-19
Textiles,3,2005,SEMI_AND_UNSKILLED LABOUR_%,0.56,BEFORE COVID-19
Textiles,4,2005,SEMI_AND_UNSKILLED LABOUR_%,0.76,BEFORE COVID-19
Textiles,1,2006,SEMI_AND_UNSKILLED LABOUR_%,2.6,BEFORE COVID-19
Textiles,2,2006,SEMI_AND_UNSKILLED LABOUR_%,0.69,BEFORE COVID-19
Textiles,3,2006,SEMI_AND_UNSKILLED LABOUR_%,0.74,BEFORE COVID-19
Textiles,4,2006,SEMI_AND_UNSKILLED LABOUR_%,0.0,BEFORE COVID-19
Textiles,1,2007,SEMI_AND_UNSKILLED LABOUR_%,0.62,BEFORE COVID-19
Textiles,2,2007,SEMI_AND_UNSKILLED LABOUR_%,0.61,BEFORE COVID-19
Textiles,3,2007,SEMI_AND_UNSKILLED LABOUR_%,0.62,BEFORE COVID-19
Textiles,4,2007,SEMI_AND_UNSKILLED LABOUR_%,1.84,BEFORE COVID-19
Textiles,1,2008,SEMI_AND_UNSKILLED LABOUR_%,1.6,BEFORE COVID-19
Textiles,2,2008,SEMI_AND_UNSKILLED LABOUR_%,2.45,BEFORE COVID-19
Textiles,3,2008,SEMI_AND_UNSKILLED LABOUR_%,1.04,BEFORE COVID-19
Textiles,4,2008,SEMI_AND_UNSKILLED LABOUR_%,0.0,BEFORE COVID-19
Textiles,1,2009,SEMI_AND_UNSKILLED LABOUR_%,0.78,BEFORE COVID-19
Textiles,2,2009,SEMI_AND_UNSKILLED LABOUR_%,0.0,BEFORE COVID-19
Textiles,3,2009,SEMI_AND_UNSKILLED LABOUR_%,0.61,BEFORE COVID-19
Textiles,4,2009,SEMI_AND_UNSKILLED LABOUR_%,1.08,BEFORE COVID-19
Textiles,1,2010,SEMI_AND_UNSKILLED LABOUR_%,0.35,BEFORE COVID-19
Textiles,2,2010,SEMI_AND_UNSKILLED LABOUR_%,0.37,BEFORE COVID-19
Textiles,3,2010,SEMI_AND_UNSKILLED LABOUR_%,0.34,BEFORE COVID-19
Textiles,4,2010,SEMI_AND_UNSKILLED LABOUR_%,0.36,BEFORE COVID-19
Textiles,1,2011,SEMI_AND_UNSKILLED LABOUR_%,0.72,BEFORE COVID-19
Textiles,2,2011,SEMI_AND_UNSKILLED LABOUR_%,0.33,BEFORE COVID-19
Textiles,3,2011,SEMI_AND_UNSKILLED LABOUR_%,0.33,BEFORE COVID-19
Textiles,4,2011,SEMI_AND_UNSKILLED LABOUR_%,0.35,BEFORE COVID-19
Textiles,1,2012,SEMI_AND_UNSKILLED LABOUR_%,1.06,BEFORE COVID-19
Textiles,2,2012,SEMI_AND_UNSKILLED LABOUR_%,0.33,BEFORE COVID-19
Textiles,3,2012,SEMI_AND_UNSKILLED LABOUR_%,2.03,BEFORE COVID-19
Textiles,4,2012,SEMI_AND_UNSKILLED LABOUR_%,1.47,BEFORE COVID-19
Textiles,1,2013,SEMI_AND_UNSKILLED LABOUR_%,0.35,BEFORE COVID-19
Textiles,2,2013,SEMI_AND_UNSKILLED LABOUR_%,0.33,BEFORE COVID-19
Textiles,3,2013,SEMI_AND_UNSKILLED LABOUR_%,0.0,BEFORE COVID-19
Textiles,4,2013,SEMI_AND_UNSKILLED LABOUR_%,0.0,BEFORE COVID-19
Textiles,1,2014,SEMI_AND_UNSKILLED LABOUR_%,0.32,BEFORE COVID-19
Textiles,2,2014,SEMI_AND_UNSKILLED LABOUR_%,0.0,BEFORE COVID-19
Textiles,3,2014,SEMI_AND_UNSKILLED LABOUR_%,0.0,BEFORE COVID-19
Textiles,4,2014,SEMI_AND_UNSKILLED LABOUR_%,0.0,BEFORE COVID-19
Textiles,1,2015,SEMI_AND_UNSKILLED LABOUR_%,0.0,BEFORE COVID-19
Textiles,2,2015,SEMI_AND_UNSKILLED LABOUR_%,0.0,BEFORE COVID-19
Textiles,3,2015,SEMI_AND_UNSKILLED LABOUR_%,0.0,BEFORE COVID-19
Textiles,4,2015,SEMI_AND_UNSKILLED LABOUR_%,0.0,BEFORE COVID-19
Textiles,1,2016,SEMI_AND_UNSKILLED LABOUR_%,0.0,BEFORE COVID-19
Textiles,2,2016,SEMI_AND_UNSKILLED LABOUR_%,0.0,BEFORE COVID-19
Textiles,3,2016,SEMI_AND_UNSKILLED LABOUR_%,0.0,BEFORE COVID-19
Textiles,4,2016,SEMI_AND_UNSKILLED LABOUR_%,0.0,BEFORE COVID-19
Textiles,1,2017,SEMI_AND_UNSKILLED LABOUR_%,0.0,BEFORE COVID-19
Textiles,2,2017,SEMI_AND_UNSKILLED LABOUR_%,0.0,BEFORE COVID-19
Textiles,3,2017,SEMI_AND_UNSKILLED LABOUR_%,0.29,BEFORE COVID-19
Textiles,4,2017,SEMI_AND_UNSKILLED LABOUR_%,0.0,BEFORE COVID-19
Textiles,1,2018,SEMI_AND_UNSKILLED LABOUR_%,0.29,BEFORE COVID-19
Textiles,2,2018,SEMI_AND_UNSKILLED LABOUR_%,0.0,BEFORE COVID-19
Textiles,3,2018,SEMI_AND_UNSKILLED LABOUR_%,0.0,BEFORE COVID-19
Textiles,4,2018,SEMI_AND_UNSKILLED LABOUR_%,0.0,BEFORE COVID-19
Textiles,1,2019,SEMI_AND_UNSKILLED LABOUR_%,0.0,BEFORE COVID-19
Textiles,2,2019,SEMI_AND_UNSKILLED LABOUR_%,0.0,BEFORE COVID-19
Textiles,3,2019,SEMI_AND_UNSKILLED LABOUR_%,0.0,BEFORE COVID-19
Textiles,4,2019,SEMI_AND_UNSKILLED LABOUR_%,0.0,BEFORE COVID-19
Textiles,1,2020,SEMI_AND_UNSKILLED LABOUR_%,1.47,BEFORE COVID-19
Textiles,2,2020,SEMI_AND_UNSKILLED LABOUR_%,0.0,DURING COVID-19
Textiles,3,2020,SEMI_AND_UNSKILLED LABOUR_%,0.0,DURING COVID-19
Textiles,4,2020,SEMI_AND_UNSKILLED LABOUR_%,0.0,DURING COVID-19
Textiles,1,2021,SEMI_AND_UNSKILLED LABOUR_%,1.15,DURING COVID-19
Textiles,2,2021,SEMI_AND_UNSKILLED LABOUR_%,0.0,DURING COVID-19
Textiles,3,2021,SEMI_AND_UNSKILLED LABOUR_%,1.19,DURING COVID-19
Textiles,4,2021,SEMI_AND_UNSKILLED LABOUR_%,1.46,DURING COVID-19
Wearing apparel,4,2003,SEMI_AND_UNSKILLED LABOUR_%,2.15,BEFORE COVID-19
Wearing apparel,1,2004,SEMI_AND_UNSKILLED LABOUR_%,4.76,BEFORE COVID-19
Wearing apparel,2,2004,SEMI_AND_UNSKILLED LABOUR_%,14.46,BEFORE COVID-19
Wearing apparel,3,2004,SEMI_AND_UNSKILLED LABOUR_%,6.67,BEFORE COVID-19
Wearing apparel,4,2004,SEMI_AND_UNSKILLED LABOUR_%,2.82,BEFORE COVID-19
Wearing apparel,1,2005,SEMI_AND_UNSKILLED LABOUR_%,1.18,BEFORE COVID-19
Wearing apparel,2,2005,SEMI_AND_UNSKILLED LABOUR_%,2.08,BEFORE COVID-19
Wearing apparel,3,2005,SEMI_AND_UNSKILLED LABOUR_%,4.4,BEFORE COVID-19
Wearing apparel,4,2005,SEMI_AND_UNSKILLED LABOUR_%,3.23,BEFORE COVID-19
Wearing apparel,1,2006,SEMI_AND_UNSKILLED LABOUR_%,3.08,BEFORE COVID-19
Wearing apparel,2,2006,SEMI_AND_UNSKILLED LABOUR_%,4.12,BEFORE COVID-19
Wearing apparel,3,2006,SEMI_AND_UNSKILLED LABOUR_%,5.66,BEFORE COVID-19
Wearing apparel,4,2006,SEMI_AND_UNSKILLED LABOUR_%,6.11,BEFORE COVID-19
Wearing apparel,1,2007,SEMI_AND_UNSKILLED LABOUR_%,8.24,BEFORE COVID-19
Wearing apparel,2,2007,SEMI_AND_UNSKILLED LABOUR_%,5.35,BEFORE COVID-19
Wearing apparel,3,2007,SEMI_AND_UNSKILLED LABOUR_%,7.83,BEFORE COVID-19
Wearing apparel,4,2007,SEMI_AND_UNSKILLED LABOUR_%,4.64,BEFORE COVID-19
Wearing apparel,1,2008,SEMI_AND_UNSKILLED LABOUR_%,4.17,BEFORE COVID-19
Wearing apparel,2,2008,SEMI_AND_UNSKILLED LABOUR_%,2.98,BEFORE COVID-19
Wearing apparel,3,2008,SEMI_AND_UNSKILLED LABOUR_%,4.05,BEFORE COVID-19
Wearing apparel,4,2008,SEMI_AND_UNSKILLED LABOUR_%,10.16,BEFORE COVID-19
Wearing apparel,1,2009,SEMI_AND_UNSKILLED LABOUR_%,3.55,BEFORE COVID-19
Wearing apparel,2,2009,SEMI_AND_UNSKILLED LABOUR_%,3.06,BEFORE COVID-19
Wearing apparel,3,2009,SEMI_AND_UNSKILLED LABOUR_%,2.35,BEFORE COVID-19
Wearing apparel,4,2009,SEMI_AND_UNSKILLED LABOUR_%,4.55,BEFORE COVID-19
Wearing apparel,1,2010,SEMI_AND_UNSKILLED LABOUR_%,8.33,BEFORE COVID-19
Wearing apparel,2,2010,SEMI_AND_UNSKILLED LABOUR_%,4.66,BEFORE COVID-19
Wearing apparel,3,2010,SEMI_AND_UNSKILLED LABOUR_%,4.29,BEFORE COVID-19
Wearing apparel,4,2010,SEMI_AND_UNSKILLED LABOUR_%,5.31,BEFORE COVID-19
Wearing apparel,1,2011,SEMI_AND_UNSKILLED LABOUR_%,5.58,BEFORE COVID-19
Wearing apparel,2,2011,SEMI_AND_UNSKILLED LABOUR_%,5.91,BEFORE COVID-19
Wearing apparel,3,2011,SEMI_AND_UNSKILLED LABOUR_%,5.26,BEFORE COVID-19
Wearing apparel,4,2011,SEMI_AND_UNSKILLED LABOUR_%,5.76,BEFORE COVID-19
Wearing apparel,1,2012,SEMI_AND_UNSKILLED LABOUR_%,5.33,BEFORE COVID-19
Wearing apparel,2,2012,SEMI_AND_UNSKILLED LABOUR_%,4.41,BEFORE COVID-19
Wearing apparel,3,2012,SEMI_AND_UNSKILLED LABOUR_%,5.21,BEFORE COVID-19
Wearing apparel,4,2012,SEMI_AND_UNSKILLED LABOUR_%,5.71,BEFORE COVID-19
Wearing apparel,1,2013,SEMI_AND_UNSKILLED LABOUR_%,4.19,BEFORE COVID-19
Wearing apparel,2,2013,SEMI_AND_UNSKILLED LABOUR_%,5.43,BEFORE COVID-19
Wearing apparel,3,2013,SEMI_AND_UNSKILLED LABOUR_%,2.04,BEFORE COVID-19
Wearing apparel,4,2013,SEMI_AND_UNSKILLED LABOUR_%,1.64,BEFORE COVID-19
Wearing apparel,1,2014,SEMI_AND_UNSKILLED LABOUR_%,1.5,BEFORE COVID-19
Wearing apparel,2,2014,SEMI_AND_UNSKILLED LABOUR_%,1.34,BEFORE COVID-19
Wearing apparel,3,2014,SEMI_AND_UNSKILLED LABOUR_%,1.44,BEFORE COVID-19
Wearing apparel,4,2014,SEMI_AND_UNSKILLED LABOUR_%,1.54,BEFORE COVID-19
Wearing apparel,1,2015,SEMI_AND_UNSKILLED LABOUR_%,1.46,BEFORE COVID-19
Wearing apparel,2,2015,SEMI_AND_UNSKILLED LABOUR_%,1.9,BEFORE COVID-19
Wearing apparel,3,2015,SEMI_AND_UNSKILLED LABOUR_%,1.9,BEFORE COVID-19
Wearing apparel,4,2015,SEMI_AND_UNSKILLED LABOUR_%,1.93,BEFORE COVID-19
Wearing apparel,1,2016,SEMI_AND_UNSKILLED LABOUR_%,1.84,BEFORE COVID-19
Wearing apparel,2,2016,SEMI_AND_UNSKILLED LABOUR_%,1.74,BEFORE COVID-19
Wearing apparel,3,2016,SEMI_AND_UNSKILLED LABOUR_%,1.74,BEFORE COVID-19
Wearing apparel,4,2016,SEMI_AND_UNSKILLED LABOUR_%,1.73,BEFORE COVID-19
Wearing apparel,1,2017,SEMI_AND_UNSKILLED LABOUR_%,1.65,BEFORE COVID-19
Wearing apparel,2,2017,SEMI_AND_UNSKILLED LABOUR_%,1.61,BEFORE COVID-19
Wearing apparel,3,2017,SEMI_AND_UNSKILLED LABOUR_%,1.59,BEFORE COVID-19
Wearing apparel,4,2017,SEMI_AND_UNSKILLED LABOUR_%,1.65,BEFORE COVID-19
Wearing apparel,1,2018,SEMI_AND_UNSKILLED LABOUR_%,1.64,BEFORE COVID-19
Wearing apparel,2,2018,SEMI_AND_UNSKILLED LABOUR_%,1.59,BEFORE COVID-19
Wearing apparel,3,2018,SEMI_AND_UNSKILLED LABOUR_%,1.57,BEFORE COVID-19
Wearing apparel,4,2018,SEMI_AND_UNSKILLED LABOUR_%,1.59,BEFORE COVID-19
Wearing apparel,1,2019,SEMI_AND_UNSKILLED LABOUR_%,1.65,BEFORE COVID-19
Wearing apparel,2,2019,SEMI_AND_UNSKILLED LABOUR_%,1.61,BEFORE COVID-19
Wearing apparel,3,2019,SEMI_AND_UNSKILLED LABOUR_%,1.59,BEFORE COVID-19
Wearing apparel,4,2019,SEMI_AND_UNSKILLED LABOUR_%,1.62,BEFORE COVID-19
Wearing apparel,1,2020,SEMI_AND_UNSKILLED LABOUR_%,1.61,BEFORE COVID-19
Wearing apparel,2,2020,SEMI_AND_UNSKILLED LABOUR_%,1.03,DURING COVID-19
Wearing apparel,3,2020,SEMI_AND_UNSKILLED LABOUR_%,0.46,DURING COVID-19
Wearing apparel,4,2020,SEMI_AND_UNSKILLED LABOUR_%,1.53,DURING COVID-19
Wearing apparel,1,2021,SEMI_AND_UNSKILLED LABOUR_%,1.51,DURING COVID-19
Wearing apparel,2,2021,SEMI_AND_UNSKILLED LABOUR_%,1.45,DURING COVID-19
Wearing apparel,3,2021,SEMI_AND_UNSKILLED LABOUR_%,1.4,DURING COVID-19
Wearing apparel,4,2021,SEMI_AND_UNSKILLED LABOUR_%,1.48,DURING COVID-19
Leather,4,2003,SEMI_AND_UNSKILLED LABOUR_%,1.54,BEFORE COVID-19
Leather,1,2004,SEMI_AND_UNSKILLED LABOUR_%,1.96,BEFORE COVID-19
Leather,2,2004,SEMI_AND_UNSKILLED LABOUR_%,1.04,BEFORE COVID-19
Leather,3,2004,SEMI_AND_UNSKILLED LABOUR_%,1.12,BEFORE COVID-19
Leather,4,2004,SEMI_AND_UNSKILLED LABOUR_%,8.62,BEFORE COVID-19
Leather,1,2005,SEMI_AND_UNSKILLED LABOUR_%,10.16,BEFORE COVID-19
Leather,2,2005,SEMI_AND_UNSKILLED LABOUR_%,0.0,BEFORE COVID-19
Leather,3,2005,SEMI_AND_UNSKILLED LABOUR_%,0.0,BEFORE COVID-19
Leather,4,2005,SEMI_AND_UNSKILLED LABOUR_%,0.0,BEFORE COVID-19
Leather,1,2006,SEMI_AND_UNSKILLED LABOUR_%,0.0,BEFORE COVID-19
Leather,2,2006,SEMI_AND_UNSKILLED LABOUR_%,0.0,BEFORE COVID-19
Leather,3,2006,SEMI_AND_UNSKILLED LABOUR_%,0.0,BEFORE COVID-19
Leather,4,2006,SEMI_AND_UNSKILLED LABOUR_%,2.04,BEFORE COVID-19
Leather,1,2007,SEMI_AND_UNSKILLED LABOUR_%,0.51,BEFORE COVID-19
Leather,2,2007,SEMI_AND_UNSKILLED LABOUR_%,0.0,BEFORE COVID-19
Leather,3,2007,SEMI_AND_UNSKILLED LABOUR_%,3.72,BEFORE COVID-19
Leather,4,2007,SEMI_AND_UNSKILLED LABOUR_%,4.39,BEFORE COVID-19
Leather,1,2008,SEMI_AND_UNSKILLED LABOUR_%,3.26,BEFORE COVID-19
Leather,2,2008,SEMI_AND_UNSKILLED LABOUR_%,2.53,BEFORE COVID-19
Leather,3,2008,SEMI_AND_UNSKILLED LABOUR_%,3.15,BEFORE COVID-19
Leather,4,2008,SEMI_AND_UNSKILLED LABOUR_%,0.75,BEFORE COVID-19
Leather,1,2009,SEMI_AND_UNSKILLED LABOUR_%,1.35,BEFORE COVID-19
Leather,2,2009,SEMI_AND_UNSKILLED LABOUR_%,1.28,BEFORE COVID-19
Leather,3,2009,SEMI_AND_UNSKILLED LABOUR_%,1.39,BEFORE COVID-19
Leather,4,2009,SEMI_AND_UNSKILLED LABOUR_%,1.43,BEFORE COVID-19
Leather,1,2010,SEMI_AND_UNSKILLED LABOUR_%,3.31,BEFORE COVID-19
Leather,2,2010,SEMI_AND_UNSKILLED LABOUR_%,4.0,BEFORE COVID-19
Leather,3,2010,SEMI_AND_UNSKILLED LABOUR_%,2.7,BEFORE COVID-19
Leather,4,2010,SEMI_AND_UNSKILLED LABOUR_%,6.01,BEFORE COVID-19
Leather,1,2011,SEMI_AND_UNSKILLED LABOUR_%,5.11,BEFORE COVID-19
Leather,2,2011,SEMI_AND_UNSKILLED LABOUR_%,3.52,BEFORE COVID-19
Leather,3,2011,SEMI_AND_UNSKILLED LABOUR_%,2.78,BEFORE COVID-19
Leather,4,2011,SEMI_AND_UNSKILLED LABOUR_%,3.67,BEFORE COVID-19
Leather,1,2012,SEMI_AND_UNSKILLED LABOUR_%,2.85,BEFORE COVID-19
Leather,2,2012,SEMI_AND_UNSKILLED LABOUR_%,2.09,BEFORE COVID-19
Leather,3,2012,SEMI_AND_UNSKILLED LABOUR_%,1.69,BEFORE COVID-19
Leather,4,2012,SEMI_AND_UNSKILLED LABOUR_%,1.64,BEFORE COVID-19
Leather,1,2013,SEMI_AND_UNSKILLED LABOUR_%,1.65,BEFORE COVID-19
Leather,2,2013,SEMI_AND_UNSKILLED LABOUR_%,2.8,BEFORE COVID-19
Leather,3,2013,SEMI_AND_UNSKILLED LABOUR_%,1.94,BEFORE COVID-19
Leather,4,2013,SEMI_AND_UNSKILLED LABOUR_%,2.04,BEFORE COVID-19
Leather,1,2014,SEMI_AND_UNSKILLED LABOUR_%,1.71,BEFORE COVID-19
Leather,2,2014,SEMI_AND_UNSKILLED LABOUR_%,1.66,BEFORE COVID-19
Leather,3,2014,SEMI_AND_UNSKILLED LABOUR_%,1.34,BEFORE COVID-19
Leather,4,2014,SEMI_AND_UNSKILLED LABOUR_%,3.15,BEFORE COVID-19
Leather,1,2015,SEMI_AND_UNSKILLED LABOUR_%,2.02,BEFORE COVID-19
Leather,2,2015,SEMI_AND_UNSKILLED LABOUR_%,4.31,BEFORE COVID-19
Leather,3,2015,SEMI_AND_UNSKILLED LABOUR_%,4.31,BEFORE COVID-19
Leather,4,2015,SEMI_AND_UNSKILLED LABOUR_%,5.08,BEFORE COVID-19
Leather,1,2016,SEMI_AND_UNSKILLED LABOUR_%,5.14,BEFORE COVID-19
Leather,2,2016,SEMI_AND_UNSKILLED LABOUR_%,5.39,BEFORE COVID-19
Leather,3,2016,SEMI_AND_UNSKILLED LABOUR_%,4.61,BEFORE COVID-19
Leather,4,2016,SEMI_AND_UNSKILLED LABOUR_%,5.2,BEFORE COVID-19
Leather,1,2017,SEMI_AND_UNSKILLED LABOUR_%,5.12,BEFORE COVID-19
Leather,2,2017,SEMI_AND_UNSKILLED LABOUR_%,4.61,BEFORE COVID-19
Leather,3,2017,SEMI_AND_UNSKILLED LABOUR_%,4.07,BEFORE COVID-19
Leather,4,2017,SEMI_AND_UNSKILLED LABOUR_%,4.67,BEFORE COVID-19
Leather,1,2018,SEMI_AND_UNSKILLED LABOUR_%,4.65,BEFORE COVID-19
Leather,2,2018,SEMI_AND_UNSKILLED LABOUR_%,4.43,BEFORE COVID-19
Leather,3,2018,SEMI_AND_UNSKILLED LABOUR_%,3.96,BEFORE COVID-19
Leather,4,2018,SEMI_AND_UNSKILLED LABOUR_%,3.76,BEFORE COVID-19
Leather,1,2019,SEMI_AND_UNSKILLED LABOUR_%,3.08,BEFORE COVID-19
Leather,2,2019,SEMI_AND_UNSKILLED LABOUR_%,3.28,BEFORE COVID-19
Leather,3,2019,SEMI_AND_UNSKILLED LABOUR_%,3.12,BEFORE COVID-19
Leather,4,2019,SEMI_AND_UNSKILLED LABOUR_%,3.1,BEFORE COVID-19
Leather,1,2020,SEMI_AND_UNSKILLED LABOUR_%,3.06,BEFORE COVID-19
Leather,2,2020,SEMI_AND_UNSKILLED LABOUR_%,2.66,DURING COVID-19
Leather,3,2020,SEMI_AND_UNSKILLED LABOUR_%,2.77,DURING COVID-19
Leather,4,2020,SEMI_AND_UNSKILLED LABOUR_%,3.83,DURING COVID-19
Leather,1,2021,SEMI_AND_UNSKILLED LABOUR_%,3.31,DURING COVID-19
Leather,2,2021,SEMI_AND_UNSKILLED LABOUR_%,2.81,DURING COVID-19
Leather,3,2021,SEMI_AND_UNSKILLED LABOUR_%,3.2,DURING COVID-19
Leather,4,2021,SEMI_AND_UNSKILLED LABOUR_%,3.38,DURING COVID-19
Footwear,4,2003,SEMI_AND_UNSKILLED LABOUR_%,0.0,BEFORE COVID-19
Footwear,1,2004,SEMI_AND_UNSKILLED LABOUR_%,0.0,BEFORE COVID-19
Footwear,2,2004,SEMI_AND_UNSKILLED LABOUR_%,0.0,BEFORE COVID-19
Footwear,3,2004,SEMI_AND_UNSKILLED LABOUR_%,0.0,BEFORE COVID-19
Footwear,4,2004,SEMI_AND_UNSKILLED LABOUR_%,0.0,BEFORE COVID-19
Footwear,1,2005,SEMI_AND_UNSKILLED LABOUR_%,0.0,BEFORE COVID-19
Footwear,2,2005,SEMI_AND_UNSKILLED LABOUR_%,0.0,BEFORE COVID-19
Footwear,3,2005,SEMI_AND_UNSKILLED LABOUR_%,0.0,BEFORE COVID-19
Footwear,4,2005,SEMI_AND_UNSKILLED LABOUR_%,0.0,BEFORE COVID-19
Footwear,1,2006,SEMI_AND_UNSKILLED LABOUR_%,0.0,BEFORE COVID-19
Footwear,2,2006,SEMI_AND_UNSKILLED LABOUR_%,0.0,BEFORE COVID-19
Footwear,3,2006,SEMI_AND_UNSKILLED LABOUR_%,0.0,BEFORE COVID-19
Footwear,4,2006,SEMI_AND_UNSKILLED LABOUR_%,0.0,BEFORE COVID-19
Footwear,1,2007,SEMI_AND_UNSKILLED LABOUR_%,0.0,BEFORE COVID-19
Footwear,2,2007,SEMI_AND_UNSKILLED LABOUR_%,0.0,BEFORE COVID-19
Footwear,3,2007,SEMI_AND_UNSKILLED LABOUR_%,0.0,BEFORE COVID-19
Footwear,4,2007,SEMI_AND_UNSKILLED LABOUR_%,0.0,BEFORE COVID-19
Footwear,1,2008,SEMI_AND_UNSKILLED LABOUR_%,0.0,BEFORE COVID-19
Footwear,2,2008,SEMI_AND_UNSKILLED LABOUR_%,0.0,BEFORE COVID-19
Footwear,3,2008,SEMI_AND_UNSKILLED LABOUR_%,0.0,BEFORE COVID-19
Footwear,4,2008,SEMI_AND_UNSKILLED LABOUR_%,0.0,BEFORE COVID-19
Footwear,1,2009,SEMI_AND_UNSKILLED LABOUR_%,0.0,BEFORE COVID-19
Footwear,2,2009,SEMI_AND_UNSKILLED LABOUR_%,0.0,BEFORE COVID-19
Footwear,3,2009,SEMI_AND_UNSKILLED LABOUR_%,0.0,BEFORE COVID-19
Footwear,4,2009,SEMI_AND_UNSKILLED LABOUR_%,0.0,BEFORE COVID-19
Footwear,1,2010,SEMI_AND_UNSKILLED LABOUR_%,0.0,BEFORE COVID-19
Footwear,2,2010,SEMI_AND_UNSKILLED LABOUR_%,0.0,BEFORE COVID-19
Footwear,3,2010,SEMI_AND_UNSKILLED LABOUR_%,0.0,BEFORE COVID-19
Footwear,4,2010,SEMI_AND_UNSKILLED LABOUR_%,0.0,BEFORE COVID-19
Footwear,1,2011,SEMI_AND_UNSKILLED LABOUR_%,0.0,BEFORE COVID-19
Footwear,2,2011,SEMI_AND_UNSKILLED LABOUR_%,0.0,BEFORE COVID-19
Footwear,3,2011,SEMI_AND_UNSKILLED LABOUR_%,0.0,BEFORE COVID-19
Footwear,4,2011,SEMI_AND_UNSKILLED LABOUR_%,0.0,BEFORE COVID-19
Footwear,1,2012,SEMI_AND_UNSKILLED LABOUR_%,0.0,BEFORE COVID-19
Footwear,2,2012,SEMI_AND_UNSKILLED LABOUR_%,0.0,BEFORE COVID-19
Footwear,3,2012,SEMI_AND_UNSKILLED LABOUR_%,0.0,BEFORE COVID-19
Footwear,4,2012,SEMI_AND_UNSKILLED LABOUR_%,0.0,BEFORE COVID-19
Footwear,1,2013,SEMI_AND_UNSKILLED LABOUR_%,0.0,BEFORE COVID-19
Footwear,2,2013,SEMI_AND_UNSKILLED LABOUR_%,0.0,BEFORE COVID-19
Footwear,3,2013,SEMI_AND_UNSKILLED LABOUR_%,0.0,BEFORE COVID-19
Footwear,4,2013,SEMI_AND_UNSKILLED LABOUR_%,0.0,BEFORE COVID-19
Footwear,1,2014,SEMI_AND_UNSKILLED LABOUR_%,0.0,BEFORE COVID-19
Footwear,2,2014,SEMI_AND_UNSKILLED LABOUR_%,0.0,BEFORE COVID-19
Footwear,3,2014,SEMI_AND_UNSKILLED LABOUR_%,0.0,BEFORE COVID-19
Footwear,4,2014,SEMI_AND_UNSKILLED LABOUR_%,0.0,BEFORE COVID-19
Footwear,1,2015,SEMI_AND_UNSKILLED LABOUR_%,0.0,BEFORE COVID-19
Footwear,2,2015,SEMI_AND_UNSKILLED LABOUR_%,0.0,BEFORE COVID-19
Footwear,3,2015,SEMI_AND_UNSKILLED LABOUR_%,0.0,BEFORE COVID-19
Footwear,4,2015,SEMI_AND_UNSKILLED LABOUR_%,0.0,BEFORE COVID-19
Footwear,1,2016,SEMI_AND_UNSKILLED LABOUR_%,0.0,BEFORE COVID-19
Footwear,2,2016,SEMI_AND_UNSKILLED LABOUR_%,0.0,BEFORE COVID-19
Footwear,3,2016,SEMI_AND_UNSKILLED LABOUR_%,0.0,BEFORE COVID-19
Footwear,4,2016,SEMI_AND_UNSKILLED LABOUR_%,0.0,BEFORE COVID-19
Footwear,1,2017,SEMI_AND_UNSKILLED LABOUR_%,0.0,BEFORE COVID-19
Footwear,2,2017,SEMI_AND_UNSKILLED LABOUR_%,0.0,BEFORE COVID-19
Footwear,3,2017,SEMI_AND_UNSKILLED LABOUR_%,0.0,BEFORE COVID-19
Footwear,4,2017,SEMI_AND_UNSKILLED LABOUR_%,0.0,BEFORE COVID-19
Footwear,1,2018,SEMI_AND_UNSKILLED LABOUR_%,0.0,BEFORE COVID-19
Footwear,2,2018,SEMI_AND_UNSKILLED LABOUR_%,0.0,BEFORE COVID-19
Footwear,3,2018,SEMI_AND_UNSKILLED LABOUR_%,0.0,BEFORE COVID-19
Footwear,4,2018,SEMI_AND_UNSKILLED LABOUR_%,0.0,BEFORE COVID-19
Footwear,1,2019,SEMI_AND_UNSKILLED LABOUR_%,0.0,BEFORE COVID-19
Footwear,2,2019,SEMI_AND_UNSKILLED LABOUR_%,0.0,BEFORE COVID-19
Footwear,3,2019,SEMI_AND_UNSKILLED LABOUR_%,0.0,BEFORE COVID-19
Footwear,4,2019,SEMI_AND_UNSKILLED LABOUR_%,0.0,BEFORE COVID-19
Footwear,1,2020,SEMI_AND_UNSKILLED LABOUR_%,0.0,BEFORE COVID-19
Footwear,2,2020,SEMI_AND_UNSKILLED LABOUR_%,0.0,DURING COVID-19
Footwear,3,2020,SEMI_AND_UNSKILLED LABOUR_%,0.0,DURING COVID-19
Footwear,4,2020,SEMI_AND_UNSKILLED LABOUR_%,0.0,DURING COVID-19
Footwear,1,2021,SEMI_AND_UNSKILLED LABOUR_%,0.0,DURING COVID-19
Footwear,2,2021,SEMI_AND_UNSKILLED LABOUR_%,0.0,DURING COVID-19
Footwear,3,2021,SEMI_AND_UNSKILLED LABOUR_%,0.0,DURING COVID-19
Footwear,4,2021,SEMI_AND_UNSKILLED LABOUR_%,0.0,DURING COVID-19
Textiles,4,2003,INSUFFICIENT_DEMAND_%,74.64,BEFORE COVID-19
Textiles,1,2004,INSUFFICIENT_DEMAND_%,72.31,BEFORE COVID-19
Textiles,2,2004,INSUFFICIENT_DEMAND_%,77.9,BEFORE COVID-19
Textiles,3,2004,INSUFFICIENT_DEMAND_%,73.6,BEFORE COVID-19
Textiles,4,2004,INSUFFICIENT_DEMAND_%,72.27,BEFORE COVID-19
Textiles,1,2005,INSUFFICIENT_DEMAND_%,70.42,BEFORE COVID-19
Textiles,2,2005,INSUFFICIENT_DEMAND_%,70.37,BEFORE COVID-19
Textiles,3,2005,INSUFFICIENT_DEMAND_%,79.89,BEFORE COVID-19
Textiles,4,2005,INSUFFICIENT_DEMAND_%,78.03,BEFORE COVID-19
Textiles,1,2006,INSUFFICIENT_DEMAND_%,66.23,BEFORE COVID-19
Textiles,2,2006,INSUFFICIENT_DEMAND_%,65.97,BEFORE COVID-19
Textiles,3,2006,INSUFFICIENT_DEMAND_%,74.26,BEFORE COVID-19
Textiles,4,2006,INSUFFICIENT_DEMAND_%,66.42,BEFORE COVID-19
Textiles,1,2007,INSUFFICIENT_DEMAND_%,68.94,BEFORE COVID-19
Textiles,2,2007,INSUFFICIENT_DEMAND_%,69.09,BEFORE COVID-19
Textiles,3,2007,INSUFFICIENT_DEMAND_%,67.7,BEFORE COVID-19
Textiles,4,2007,INSUFFICIENT_DEMAND_%,67.48,BEFORE COVID-19
Textiles,1,2008,INSUFFICIENT_DEMAND_%,68.45,BEFORE COVID-19
Textiles,2,2008,INSUFFICIENT_DEMAND_%,73.04,BEFORE COVID-19
Textiles,3,2008,INSUFFICIENT_DEMAND_%,69.27,BEFORE COVID-19
Textiles,4,2008,INSUFFICIENT_DEMAND_%,71.81,BEFORE COVID-19
Textiles,1,2009,INSUFFICIENT_DEMAND_%,74.81,BEFORE COVID-19
Textiles,2,2009,INSUFFICIENT_DEMAND_%,82.37,BEFORE COVID-19
Textiles,3,2009,INSUFFICIENT_DEMAND_%,84.36,BEFORE COVID-19
Textiles,4,2009,INSUFFICIENT_DEMAND_%,78.85,BEFORE COVID-19
Textiles,1,2010,INSUFFICIENT_DEMAND_%,75.61,BEFORE COVID-19
Textiles,2,2010,INSUFFICIENT_DEMAND_%,74.91,BEFORE COVID-19
Textiles,3,2010,INSUFFICIENT_DEMAND_%,69.18,BEFORE COVID-19
Textiles,4,2010,INSUFFICIENT_DEMAND_%,77.78,BEFORE COVID-19
Textiles,1,2011,INSUFFICIENT_DEMAND_%,78.85,BEFORE COVID-19
Textiles,2,2011,INSUFFICIENT_DEMAND_%,87.46,BEFORE COVID-19
Textiles,3,2011,INSUFFICIENT_DEMAND_%,89.11,BEFORE COVID-19
Textiles,4,2011,INSUFFICIENT_DEMAND_%,87.15,BEFORE COVID-19
Textiles,1,2012,INSUFFICIENT_DEMAND_%,86.88,BEFORE COVID-19
Textiles,2,2012,INSUFFICIENT_DEMAND_%,86.8,BEFORE COVID-19
Textiles,3,2012,INSUFFICIENT_DEMAND_%,87.5,BEFORE COVID-19
Textiles,4,2012,INSUFFICIENT_DEMAND_%,83.88,BEFORE COVID-19
Textiles,1,2013,INSUFFICIENT_DEMAND_%,87.15,BEFORE COVID-19
Textiles,2,2013,INSUFFICIENT_DEMAND_%,87.3,BEFORE COVID-19
Textiles,3,2013,INSUFFICIENT_DEMAND_%,80.92,BEFORE COVID-19
Textiles,4,2013,INSUFFICIENT_DEMAND_%,84.67,BEFORE COVID-19
Textiles,1,2014,INSUFFICIENT_DEMAND_%,81.23,BEFORE COVID-19
Textiles,2,2014,INSUFFICIENT_DEMAND_%,86.08,BEFORE COVID-19
Textiles,3,2014,INSUFFICIENT_DEMAND_%,84.94,BEFORE COVID-19
Textiles,4,2014,INSUFFICIENT_DEMAND_%,81.48,BEFORE COVID-19
Textiles,1,2015,INSUFFICIENT_DEMAND_%,80.5,BEFORE COVID-19
Textiles,2,2015,INSUFFICIENT_DEMAND_%,81.58,BEFORE COVID-19
Textiles,3,2015,INSUFFICIENT_DEMAND_%,83.28,BEFORE COVID-19
Textiles,4,2015,INSUFFICIENT_DEMAND_%,82.53,BEFORE COVID-19
Textiles,1,2016,INSUFFICIENT_DEMAND_%,83.11,BEFORE COVID-19
Textiles,2,2016,INSUFFICIENT_DEMAND_%,82.19,BEFORE COVID-19
Textiles,3,2016,INSUFFICIENT_DEMAND_%,80.5,BEFORE COVID-19
Textiles,4,2016,INSUFFICIENT_DEMAND_%,84.26,BEFORE COVID-19
Textiles,1,2017,INSUFFICIENT_DEMAND_%,82.65,BEFORE COVID-19
Textiles,2,2017,INSUFFICIENT_DEMAND_%,83.38,BEFORE COVID-19
Textiles,3,2017,INSUFFICIENT_DEMAND_%,83.05,BEFORE COVID-19
Textiles,4,2017,INSUFFICIENT_DEMAND_%,82.93,BEFORE COVID-19
Textiles,1,2018,INSUFFICIENT_DEMAND_%,82.08,BEFORE COVID-19
Textiles,2,2018,INSUFFICIENT_DEMAND_%,82.65,BEFORE COVID-19
Textiles,3,2018,INSUFFICIENT_DEMAND_%,80.65,BEFORE COVID-19
Textiles,4,2018,INSUFFICIENT_DEMAND_%,84.44,BEFORE COVID-19
Textiles,1,2019,INSUFFICIENT_DEMAND_%,84.52,BEFORE COVID-19
Textiles,2,2019,INSUFFICIENT_DEMAND_%,83.78,BEFORE COVID-19
Textiles,3,2019,INSUFFICIENT_DEMAND_%,83.48,BEFORE COVID-19
Textiles,4,2019,INSUFFICIENT_DEMAND_%,84.38,BEFORE COVID-19
Textiles,1,2020,INSUFFICIENT_DEMAND_%,78.82,BEFORE COVID-19
Textiles,2,2020,INSUFFICIENT_DEMAND_%,63.78,DURING COVID-19
Textiles,3,2020,INSUFFICIENT_DEMAND_%,71.43,DURING COVID-19
Textiles,4,2020,INSUFFICIENT_DEMAND_%,72.06,DURING COVID-19
Textiles,1,2021,INSUFFICIENT_DEMAND_%,69.74,DURING COVID-19
Textiles,2,2021,INSUFFICIENT_DEMAND_%,71.87,DURING COVID-19
Textiles,3,2021,INSUFFICIENT_DEMAND_%,68.25,DURING COVID-19
Textiles,4,2021,INSUFFICIENT_DEMAND_%,67.06,DURING COVID-19
Wearing apparel,4,2003,INSUFFICIENT_DEMAND_%,62.37,BEFORE COVID-19
Wearing apparel,1,2004,INSUFFICIENT_DEMAND_%,47.62,BEFORE COVID-19
Wearing apparel,2,2004,INSUFFICIENT_DEMAND_%,38.55,BEFORE COVID-19
Wearing apparel,3,2004,INSUFFICIENT_DEMAND_%,43.33,BEFORE COVID-19
Wearing apparel,4,2004,INSUFFICIENT_DEMAND_%,50.7,BEFORE COVID-19
Wearing apparel,1,2005,INSUFFICIENT_DEMAND_%,81.07,BEFORE COVID-19
Wearing apparel,2,2005,INSUFFICIENT_DEMAND_%,74.48,BEFORE COVID-19
Wearing apparel,3,2005,INSUFFICIENT_DEMAND_%,83.52,BEFORE COVID-19
Wearing apparel,4,2005,INSUFFICIENT_DEMAND_%,51.61,BEFORE COVID-19
Wearing apparel,1,2006,INSUFFICIENT_DEMAND_%,49.74,BEFORE COVID-19
Wearing apparel,2,2006,INSUFFICIENT_DEMAND_%,41.76,BEFORE COVID-19
Wearing apparel,3,2006,INSUFFICIENT_DEMAND_%,40.25,BEFORE COVID-19
Wearing apparel,4,2006,INSUFFICIENT_DEMAND_%,45.8,BEFORE COVID-19
Wearing apparel,1,2007,INSUFFICIENT_DEMAND_%,55.88,BEFORE COVID-19
Wearing apparel,2,2007,INSUFFICIENT_DEMAND_%,51.34,BEFORE COVID-19
Wearing apparel,3,2007,INSUFFICIENT_DEMAND_%,36.75,BEFORE COVID-19
Wearing apparel,4,2007,INSUFFICIENT_DEMAND_%,41.72,BEFORE COVID-19
Wearing apparel,1,2008,INSUFFICIENT_DEMAND_%,51.19,BEFORE COVID-19
Wearing apparel,2,2008,INSUFFICIENT_DEMAND_%,50.0,BEFORE COVID-19
Wearing apparel,3,2008,INSUFFICIENT_DEMAND_%,51.45,BEFORE COVID-19
Wearing apparel,4,2008,INSUFFICIENT_DEMAND_%,53.48,BEFORE COVID-19
Wearing apparel,1,2009,INSUFFICIENT_DEMAND_%,61.42,BEFORE COVID-19
Wearing apparel,2,2009,INSUFFICIENT_DEMAND_%,70.41,BEFORE COVID-19
Wearing apparel,3,2009,INSUFFICIENT_DEMAND_%,70.42,BEFORE COVID-19
Wearing apparel,4,2009,INSUFFICIENT_DEMAND_%,64.14,BEFORE COVID-19
Wearing apparel,1,2010,INSUFFICIENT_DEMAND_%,70.42,BEFORE COVID-19
Wearing apparel,2,2010,INSUFFICIENT_DEMAND_%,67.37,BEFORE COVID-19
Wearing apparel,3,2010,INSUFFICIENT_DEMAND_%,64.38,BEFORE COVID-19
Wearing apparel,4,2010,INSUFFICIENT_DEMAND_%,57.97,BEFORE COVID-19
Wearing apparel,1,2011,INSUFFICIENT_DEMAND_%,68.24,BEFORE COVID-19
Wearing apparel,2,2011,INSUFFICIENT_DEMAND_%,62.07,BEFORE COVID-19
Wearing apparel,3,2011,INSUFFICIENT_DEMAND_%,65.35,BEFORE COVID-19
Wearing apparel,4,2011,INSUFFICIENT_DEMAND_%,65.45,BEFORE COVID-19
Wearing apparel,1,2012,INSUFFICIENT_DEMAND_%,62.22,BEFORE COVID-19
Wearing apparel,2,2012,INSUFFICIENT_DEMAND_%,66.08,BEFORE COVID-19
Wearing apparel,3,2012,INSUFFICIENT_DEMAND_%,63.54,BEFORE COVID-19
Wearing apparel,4,2012,INSUFFICIENT_DEMAND_%,56.43,BEFORE COVID-19
Wearing apparel,1,2013,INSUFFICIENT_DEMAND_%,69.63,BEFORE COVID-19
Wearing apparel,2,2013,INSUFFICIENT_DEMAND_%,65.76,BEFORE COVID-19
Wearing apparel,3,2013,INSUFFICIENT_DEMAND_%,71.94,BEFORE COVID-19
Wearing apparel,4,2013,INSUFFICIENT_DEMAND_%,77.05,BEFORE COVID-19
Wearing apparel,1,2014,INSUFFICIENT_DEMAND_%,77.0,BEFORE COVID-19
Wearing apparel,2,2014,INSUFFICIENT_DEMAND_%,80.8,BEFORE COVID-19
Wearing apparel,3,2014,INSUFFICIENT_DEMAND_%,79.9,BEFORE COVID-19
Wearing apparel,4,2014,INSUFFICIENT_DEMAND_%,79.49,BEFORE COVID-19
Wearing apparel,1,2015,INSUFFICIENT_DEMAND_%,80.58,BEFORE COVID-19
Wearing apparel,2,2015,INSUFFICIENT_DEMAND_%,76.78,BEFORE COVID-19
Wearing apparel,3,2015,INSUFFICIENT_DEMAND_%,74.88,BEFORE COVID-19
Wearing apparel,4,2015,INSUFFICIENT_DEMAND_%,71.5,BEFORE COVID-19
Wearing apparel,1,2016,INSUFFICIENT_DEMAND_%,71.43,BEFORE COVID-19
Wearing apparel,2,2016,INSUFFICIENT_DEMAND_%,73.91,BEFORE COVID-19
Wearing apparel,3,2016,INSUFFICIENT_DEMAND_%,73.48,BEFORE COVID-19
Wearing apparel,4,2016,INSUFFICIENT_DEMAND_%,74.89,BEFORE COVID-19
Wearing apparel,1,2017,INSUFFICIENT_DEMAND_%,77.27,BEFORE COVID-19
Wearing apparel,2,2017,INSUFFICIENT_DEMAND_%,73.9,BEFORE COVID-19
Wearing apparel,3,2017,INSUFFICIENT_DEMAND_%,75.79,BEFORE COVID-19
Wearing apparel,4,2017,INSUFFICIENT_DEMAND_%,74.49,BEFORE COVID-19
Wearing apparel,1,2018,INSUFFICIENT_DEMAND_%,74.59,BEFORE COVID-19
Wearing apparel,2,2018,INSUFFICIENT_DEMAND_%,75.0,BEFORE COVID-19
Wearing apparel,3,2018,INSUFFICIENT_DEMAND_%,75.98,BEFORE COVID-19
Wearing apparel,4,2018,INSUFFICIENT_DEMAND_%,76.1,BEFORE COVID-19
Wearing apparel,1,2019,INSUFFICIENT_DEMAND_%,75.21,BEFORE COVID-19
Wearing apparel,2,2019,INSUFFICIENT_DEMAND_%,74.3,BEFORE COVID-19
Wearing apparel,3,2019,INSUFFICIENT_DEMAND_%,75.79,BEFORE COVID-19
Wearing apparel,4,2019,INSUFFICIENT_DEMAND_%,75.3,BEFORE COVID-19
Wearing apparel,1,2020,INSUFFICIENT_DEMAND_%,76.61,BEFORE COVID-19
Wearing apparel,2,2020,INSUFFICIENT_DEMAND_%,63.05,DURING COVID-19
Wearing apparel,3,2020,INSUFFICIENT_DEMAND_%,53.83,DURING COVID-19
Wearing apparel,4,2020,INSUFFICIENT_DEMAND_%,72.52,DURING COVID-19
Wearing apparel,1,2021,INSUFFICIENT_DEMAND_%,71.7,DURING COVID-19
Wearing apparel,2,2021,INSUFFICIENT_DEMAND_%,73.91,DURING COVID-19
Wearing apparel,3,2021,INSUFFICIENT_DEMAND_%,72.28,DURING COVID-19
Wearing apparel,4,2021,INSUFFICIENT_DEMAND_%,74.17,DURING COVID-19
Leather,4,2003,INSUFFICIENT_DEMAND_%,46.15,BEFORE COVID-19
Leather,1,2004,INSUFFICIENT_DEMAND_%,60.78,BEFORE COVID-19
Leather,2,2004,INSUFFICIENT_DEMAND_%,70.98,BEFORE COVID-19
Leather,3,2004,INSUFFICIENT_DEMAND_%,78.21,BEFORE COVID-19
Leather,4,2004,INSUFFICIENT_DEMAND_%,55.75,BEFORE COVID-19
Leather,1,2005,INSUFFICIENT_DEMAND_%,61.38,BEFORE COVID-19
Leather,2,2005,INSUFFICIENT_DEMAND_%,58.67,BEFORE COVID-19
Leather,3,2005,INSUFFICIENT_DEMAND_%,69.15,BEFORE COVID-19
Leather,4,2005,INSUFFICIENT_DEMAND_%,55.74,BEFORE COVID-19
Leather,1,2006,INSUFFICIENT_DEMAND_%,53.8,BEFORE COVID-19
Leather,2,2006,INSUFFICIENT_DEMAND_%,66.52,BEFORE COVID-19
Leather,3,2006,INSUFFICIENT_DEMAND_%,78.91,BEFORE COVID-19
Leather,4,2006,INSUFFICIENT_DEMAND_%,49.66,BEFORE COVID-19
Leather,1,2007,INSUFFICIENT_DEMAND_%,56.06,BEFORE COVID-19
Leather,2,2007,INSUFFICIENT_DEMAND_%,39.69,BEFORE COVID-19
Leather,3,2007,INSUFFICIENT_DEMAND_%,40.5,BEFORE COVID-19
Leather,4,2007,INSUFFICIENT_DEMAND_%,35.53,BEFORE COVID-19
Leather,1,2008,INSUFFICIENT_DEMAND_%,39.07,BEFORE COVID-19
Leather,2,2008,INSUFFICIENT_DEMAND_%,39.9,BEFORE COVID-19
Leather,3,2008,INSUFFICIENT_DEMAND_%,45.05,BEFORE COVID-19
Leather,4,2008,INSUFFICIENT_DEMAND_%,50.19,BEFORE COVID-19
Leather,1,2009,INSUFFICIENT_DEMAND_%,66.89,BEFORE COVID-19
Leather,2,2009,INSUFFICIENT_DEMAND_%,68.59,BEFORE COVID-19
Leather,3,2009,INSUFFICIENT_DEMAND_%,64.46,BEFORE COVID-19
Leather,4,2009,INSUFFICIENT_DEMAND_%,82.5,BEFORE COVID-19
Leather,1,2010,INSUFFICIENT_DEMAND_%,82.72,BEFORE COVID-19
Leather,2,2010,INSUFFICIENT_DEMAND_%,52.44,BEFORE COVID-19
Leather,3,2010,INSUFFICIENT_DEMAND_%,35.44,BEFORE COVID-19
Leather,4,2010,INSUFFICIENT_DEMAND_%,63.52,BEFORE COVID-19
Leather,1,2011,INSUFFICIENT_DEMAND_%,66.38,BEFORE COVID-19
Leather,2,2011,INSUFFICIENT_DEMAND_%,45.42,BEFORE COVID-19
Leather,3,2011,INSUFFICIENT_DEMAND_%,60.56,BEFORE COVID-19
Leather,4,2011,INSUFFICIENT_DEMAND_%,60.82,BEFORE COVID-19
Leather,1,2012,INSUFFICIENT_DEMAND_%,76.87,BEFORE COVID-19
Leather,2,2012,INSUFFICIENT_DEMAND_%,68.29,BEFORE COVID-19
Leather,3,2012,INSUFFICIENT_DEMAND_%,59.89,BEFORE COVID-19
Leather,4,2012,INSUFFICIENT_DEMAND_%,76.97,BEFORE COVID-19
Leather,1,2013,INSUFFICIENT_DEMAND_%,73.35,BEFORE COVID-19
Leather,2,2013,INSUFFICIENT_DEMAND_%,70.09,BEFORE COVID-19
Leather,3,2013,INSUFFICIENT_DEMAND_%,70.0,BEFORE COVID-19
Leather,4,2013,INSUFFICIENT_DEMAND_%,73.88,BEFORE COVID-19
Leather,1,2014,INSUFFICIENT_DEMAND_%,75.43,BEFORE COVID-19
Leather,2,2014,INSUFFICIENT_DEMAND_%,78.41,BEFORE COVID-19
Leather,3,2014,INSUFFICIENT_DEMAND_%,80.97,BEFORE COVID-19
Leather,4,2014,INSUFFICIENT_DEMAND_%,75.98,BEFORE COVID-19
Leather,1,2015,INSUFFICIENT_DEMAND_%,75.76,BEFORE COVID-19
Leather,2,2015,INSUFFICIENT_DEMAND_%,69.41,BEFORE COVID-19
Leather,3,2015,INSUFFICIENT_DEMAND_%,68.63,BEFORE COVID-19
Leather,4,2015,INSUFFICIENT_DEMAND_%,67.97,BEFORE COVID-19
Leather,1,2016,INSUFFICIENT_DEMAND_%,69.96,BEFORE COVID-19
Leather,2,2016,INSUFFICIENT_DEMAND_%,64.73,BEFORE COVID-19
Leather,3,2016,INSUFFICIENT_DEMAND_%,68.79,BEFORE COVID-19
Leather,4,2016,INSUFFICIENT_DEMAND_%,71.6,BEFORE COVID-19
Leather,1,2017,INSUFFICIENT_DEMAND_%,67.72,BEFORE COVID-19
Leather,2,2017,INSUFFICIENT_DEMAND_%,66.31,BEFORE COVID-19
Leather,3,2017,INSUFFICIENT_DEMAND_%,73.22,BEFORE COVID-19
Leather,4,2017,INSUFFICIENT_DEMAND_%,68.48,BEFORE COVID-19
Leather,1,2018,INSUFFICIENT_DEMAND_%,67.05,BEFORE COVID-19
Leather,2,2018,INSUFFICIENT_DEMAND_%,68.63,BEFORE COVID-19
Leather,3,2018,INSUFFICIENT_DEMAND_%,75.25,BEFORE COVID-19
Leather,4,2018,INSUFFICIENT_DEMAND_%,74.92,BEFORE COVID-19
Leather,1,2019,INSUFFICIENT_DEMAND_%,76.61,BEFORE COVID-19
Leather,2,2019,INSUFFICIENT_DEMAND_%,74.86,BEFORE COVID-19
Leather,3,2019,INSUFFICIENT_DEMAND_%,76.04,BEFORE COVID-19
Leather,4,2019,INSUFFICIENT_DEMAND_%,75.97,BEFORE COVID-19
Leather,1,2020,INSUFFICIENT_DEMAND_%,76.02,BEFORE COVID-19
Leather,2,2020,INSUFFICIENT_DEMAND_%,65.09,DURING COVID-19
Leather,3,2020,INSUFFICIENT_DEMAND_%,72.75,DURING COVID-19
Leather,4,2020,INSUFFICIENT_DEMAND_%,73.48,DURING COVID-19
Leather,1,2021,INSUFFICIENT_DEMAND_%,73.76,DURING COVID-19
Leather,2,2021,INSUFFICIENT_DEMAND_%,32.33,DURING COVID-19
Leather,3,2021,INSUFFICIENT_DEMAND_%,60.5,DURING COVID-19
Leather,4,2021,INSUFFICIENT_DEMAND_%,58.7,DURING COVID-19
Footwear,4,2003,INSUFFICIENT_DEMAND_%,64.44,BEFORE COVID-19
Footwear,1,2004,INSUFFICIENT_DEMAND_%,80.81,BEFORE COVID-19
Footwear,2,2004,INSUFFICIENT_DEMAND_%,74.87,BEFORE COVID-19
Footwear,3,2004,INSUFFICIENT_DEMAND_%,63.33,BEFORE COVID-19
Footwear,4,2004,INSUFFICIENT_DEMAND_%,97.24,BEFORE COVID-19
Footwear,1,2005,INSUFFICIENT_DEMAND_%,73.71,BEFORE COVID-19
Footwear,2,2005,INSUFFICIENT_DEMAND_%,77.12,BEFORE COVID-19
Footwear,3,2005,INSUFFICIENT_DEMAND_%,78.92,BEFORE COVID-19
Footwear,4,2005,INSUFFICIENT_DEMAND_%,41.67,BEFORE COVID-19
Footwear,1,2006,INSUFFICIENT_DEMAND_%,61.9,BEFORE COVID-19
Footwear,2,2006,INSUFFICIENT_DEMAND_%,69.92,BEFORE COVID-19
Footwear,3,2006,INSUFFICIENT_DEMAND_%,53.85,BEFORE COVID-19
Footwear,4,2006,INSUFFICIENT_DEMAND_%,62.63,BEFORE COVID-19
Footwear,1,2007,INSUFFICIENT_DEMAND_%,54.08,BEFORE COVID-19
Footwear,2,2007,INSUFFICIENT_DEMAND_%,60.87,BEFORE COVID-19
Footwear,3,2007,INSUFFICIENT_DEMAND_%,55.56,BEFORE COVID-19
Footwear,4,2007,INSUFFICIENT_DEMAND_%,69.64,BEFORE COVID-19
Footwear,1,2008,INSUFFICIENT_DEMAND_%,56.82,BEFORE COVID-19
Footwear,2,2008,INSUFFICIENT_DEMAND_%,63.86,BEFORE COVID-19
Footwear,3,2008,INSUFFICIENT_DEMAND_%,63.04,BEFORE COVID-19
Footwear,4,2008,INSUFFICIENT_DEMAND_%,49.23,BEFORE COVID-19
Footwear,1,2009,INSUFFICIENT_DEMAND_%,44.29,BEFORE COVID-19
Footwear,2,2009,INSUFFICIENT_DEMAND_%,92.5,BEFORE COVID-19
Footwear,3,2009,INSUFFICIENT_DEMAND_%,94.23,BEFORE COVID-19
Footwear,4,2009,INSUFFICIENT_DEMAND_%,100.0,BEFORE COVID-19
Footwear,1,2010,INSUFFICIENT_DEMAND_%,100.0,BEFORE COVID-19
Footwear,2,2010,INSUFFICIENT_DEMAND_%,60.45,BEFORE COVID-19
Footwear,3,2010,INSUFFICIENT_DEMAND_%,73.57,BEFORE COVID-19
Footwear,4,2010,INSUFFICIENT_DEMAND_%,67.65,BEFORE COVID-19
Footwear,1,2011,INSUFFICIENT_DEMAND_%,67.44,BEFORE COVID-19
Footwear,2,2011,INSUFFICIENT_DEMAND_%,76.52,BEFORE COVID-19
Footwear,3,2011,INSUFFICIENT_DEMAND_%,81.34,BEFORE COVID-19
Footwear,4,2011,INSUFFICIENT_DEMAND_%,78.18,BEFORE COVID-19
Footwear,1,2012,INSUFFICIENT_DEMAND_%,85.42,BEFORE COVID-19
Footwear,2,2012,INSUFFICIENT_DEMAND_%,77.12,BEFORE COVID-19
Footwear,3,2012,INSUFFICIENT_DEMAND_%,75.68,BEFORE COVID-19
Footwear,4,2012,INSUFFICIENT_DEMAND_%,86.79,BEFORE COVID-19
Footwear,1,2013,INSUFFICIENT_DEMAND_%,73.81,BEFORE COVID-19
Footwear,2,2013,INSUFFICIENT_DEMAND_%,66.18,BEFORE COVID-19
Footwear,3,2013,INSUFFICIENT_DEMAND_%,75.51,BEFORE COVID-19
Footwear,4,2013,INSUFFICIENT_DEMAND_%,72.81,BEFORE COVID-19
Footwear,1,2014,INSUFFICIENT_DEMAND_%,67.69,BEFORE COVID-19
Footwear,2,2014,INSUFFICIENT_DEMAND_%,67.74,BEFORE COVID-19
Footwear,3,2014,INSUFFICIENT_DEMAND_%,69.7,BEFORE COVID-19
Footwear,4,2014,INSUFFICIENT_DEMAND_%,67.63,BEFORE COVID-19
Footwear,1,2015,INSUFFICIENT_DEMAND_%,74.24,BEFORE COVID-19
Footwear,2,2015,INSUFFICIENT_DEMAND_%,83.8,BEFORE COVID-19
Footwear,3,2015,INSUFFICIENT_DEMAND_%,78.44,BEFORE COVID-19
Footwear,4,2015,INSUFFICIENT_DEMAND_%,88.75,BEFORE COVID-19
Footwear,1,2016,INSUFFICIENT_DEMAND_%,82.12,BEFORE COVID-19
Footwear,2,2016,INSUFFICIENT_DEMAND_%,79.89,BEFORE COVID-19
Footwear,3,2016,INSUFFICIENT_DEMAND_%,80.0,BEFORE COVID-19
Footwear,4,2016,INSUFFICIENT_DEMAND_%,85.14,BEFORE COVID-19
Footwear,1,2017,INSUFFICIENT_DEMAND_%,84.17,BEFORE COVID-19
Footwear,2,2017,INSUFFICIENT_DEMAND_%,79.37,BEFORE COVID-19
Footwear,3,2017,INSUFFICIENT_DEMAND_%,78.98,BEFORE COVID-19
Footwear,4,2017,INSUFFICIENT_DEMAND_%,80.28,BEFORE COVID-19
Footwear,1,2018,INSUFFICIENT_DEMAND_%,81.43,BEFORE COVID-19
Footwear,2,2018,INSUFFICIENT_DEMAND_%,85.03,BEFORE COVID-19
Footwear,3,2018,INSUFFICIENT_DEMAND_%,89.74,BEFORE COVID-19
Footwear,4,2018,INSUFFICIENT_DEMAND_%,90.35,BEFORE COVID-19
Footwear,1,2019,INSUFFICIENT_DEMAND_%,85.84,BEFORE COVID-19
Footwear,2,2019,INSUFFICIENT_DEMAND_%,72.61,BEFORE COVID-19
Footwear,3,2019,INSUFFICIENT_DEMAND_%,82.01,BEFORE COVID-19
Footwear,4,2019,INSUFFICIENT_DEMAND_%,61.79,BEFORE COVID-19
Footwear,1,2020,INSUFFICIENT_DEMAND_%,77.55,BEFORE COVID-19
Footwear,2,2020,INSUFFICIENT_DEMAND_%,70.9,DURING COVID-19
Footwear,3,2020,INSUFFICIENT_DEMAND_%,69.39,DURING COVID-19
Footwear,4,2020,INSUFFICIENT_DEMAND_%,79.67,DURING COVID-19
Footwear,1,2021,INSUFFICIENT_DEMAND_%,75.13,DURING COVID-19
Footwear,2,2021,INSUFFICIENT_DEMAND_%,79.23,DURING COVID-19
Footwear,3,2021,INSUFFICIENT_DEMAND_%,72.73,DURING COVID-19
Footwear,4,2021,INSUFFICIENT_DEMAND_%,70.78,DURING COVID-19
Textiles,4,2003,OTHER_REASONS_%,6.7,BEFORE COVID-19
Textiles,1,2004,OTHER_REASONS_%,7.18,BEFORE COVID-19
Textiles,2,2004,OTHER_REASONS_%,8.29,BEFORE COVID-19
Textiles,3,2004,OTHER_REASONS_%,8.99,BEFORE COVID-19
Textiles,4,2004,OTHER_REASONS_%,10.45,BEFORE COVID-19
Textiles,1,2005,OTHER_REASONS_%,12.68,BEFORE COVID-19
Textiles,2,2005,OTHER_REASONS_%,15.34,BEFORE COVID-19
Textiles,3,2005,OTHER_REASONS_%,6.15,BEFORE COVID-19
Textiles,4,2005,OTHER_REASONS_%,3.03,BEFORE COVID-19
Textiles,1,2006,OTHER_REASONS_%,11.04,BEFORE COVID-19
Textiles,2,2006,OTHER_REASONS_%,18.75,BEFORE COVID-19
Textiles,3,2006,OTHER_REASONS_%,7.35,BEFORE COVID-19
Textiles,4,2006,OTHER_REASONS_%,21.17,BEFORE COVID-19
Textiles,1,2007,OTHER_REASONS_%,15.53,BEFORE COVID-19
Textiles,2,2007,OTHER_REASONS_%,12.73,BEFORE COVID-19
Textiles,3,2007,OTHER_REASONS_%,11.18,BEFORE COVID-19
Textiles,4,2007,OTHER_REASONS_%,11.66,BEFORE COVID-19
Textiles,1,2008,OTHER_REASONS_%,16.04,BEFORE COVID-19
Textiles,2,2008,OTHER_REASONS_%,14.22,BEFORE COVID-19
Textiles,3,2008,OTHER_REASONS_%,17.71,BEFORE COVID-19
Textiles,4,2008,OTHER_REASONS_%,14.89,BEFORE COVID-19
Textiles,1,2009,OTHER_REASONS_%,12.4,BEFORE COVID-19
Textiles,2,2009,OTHER_REASONS_%,11.51,BEFORE COVID-19
Textiles,3,2009,OTHER_REASONS_%,8.59,BEFORE COVID-19
Textiles,4,2009,OTHER_REASONS_%,10.75,BEFORE COVID-19
Textiles,1,2010,OTHER_REASONS_%,8.71,BEFORE COVID-19
Textiles,2,2010,OTHER_REASONS_%,7.49,BEFORE COVID-19
Textiles,3,2010,OTHER_REASONS_%,19.52,BEFORE COVID-19
Textiles,4,2010,OTHER_REASONS_%,7.17,BEFORE COVID-19
Textiles,1,2011,OTHER_REASONS_%,7.17,BEFORE COVID-19
Textiles,2,2011,OTHER_REASONS_%,6.6,BEFORE COVID-19
Textiles,3,2011,OTHER_REASONS_%,4.62,BEFORE COVID-19
Textiles,4,2011,OTHER_REASONS_%,6.94,BEFORE COVID-19
Textiles,1,2012,OTHER_REASONS_%,6.03,BEFORE COVID-19
Textiles,2,2012,OTHER_REASONS_%,8.25,BEFORE COVID-19
Textiles,3,2012,OTHER_REASONS_%,6.08,BEFORE COVID-19
Textiles,4,2012,OTHER_REASONS_%,7.33,BEFORE COVID-19
Textiles,1,2013,OTHER_REASONS_%,4.86,BEFORE COVID-19
Textiles,2,2013,OTHER_REASONS_%,6.84,BEFORE COVID-19
Textiles,3,2013,OTHER_REASONS_%,14.84,BEFORE COVID-19
Textiles,4,2013,OTHER_REASONS_%,9.96,BEFORE COVID-19
Textiles,1,2014,OTHER_REASONS_%,12.62,BEFORE COVID-19
Textiles,2,2014,OTHER_REASONS_%,10.36,BEFORE COVID-19
Textiles,3,2014,OTHER_REASONS_%,12.5,BEFORE COVID-19
Textiles,4,2014,OTHER_REASONS_%,11.48,BEFORE COVID-19
Textiles,1,2015,OTHER_REASONS_%,13.48,BEFORE COVID-19
Textiles,2,2015,OTHER_REASONS_%,12.17,BEFORE COVID-19
Textiles,3,2015,OTHER_REASONS_%,11.95,BEFORE COVID-19
Textiles,4,2015,OTHER_REASONS_%,11.3,BEFORE COVID-19
Textiles,1,2016,OTHER_REASONS_%,11.26,BEFORE COVID-19
Textiles,2,2016,OTHER_REASONS_%,11.56,BEFORE COVID-19
Textiles,3,2016,OTHER_REASONS_%,11.01,BEFORE COVID-19
Textiles,4,2016,OTHER_REASONS_%,9.18,BEFORE COVID-19
Textiles,1,2017,OTHER_REASONS_%,10.0,BEFORE COVID-19
Textiles,2,2017,OTHER_REASONS_%,10.2,BEFORE COVID-19
Textiles,3,2017,OTHER_REASONS_%,10.06,BEFORE COVID-19
Textiles,4,2017,OTHER_REASONS_%,10.48,BEFORE COVID-19
Textiles,1,2018,OTHER_REASONS_%,10.98,BEFORE COVID-19
Textiles,2,2018,OTHER_REASONS_%,10.59,BEFORE COVID-19
Textiles,3,2018,OTHER_REASONS_%,11.01,BEFORE COVID-19
Textiles,4,2018,OTHER_REASONS_%,9.84,BEFORE COVID-19
Textiles,1,2019,OTHER_REASONS_%,9.6,BEFORE COVID-19
Textiles,2,2019,OTHER_REASONS_%,9.73,BEFORE COVID-19
Textiles,3,2019,OTHER_REASONS_%,9.14,BEFORE COVID-19
Textiles,4,2019,OTHER_REASONS_%,9.01,BEFORE COVID-19
Textiles,1,2020,OTHER_REASONS_%,12.06,BEFORE COVID-19
Textiles,2,2020,OTHER_REASONS_%,28.89,DURING COVID-19
Textiles,3,2020,OTHER_REASONS_%,18.9,DURING COVID-19
Textiles,4,2020,OTHER_REASONS_%,15.88,DURING COVID-19
Textiles,1,2021,OTHER_REASONS_%,15.56,DURING COVID-19
Textiles,2,2021,OTHER_REASONS_%,11.93,DURING COVID-19
Textiles,3,2021,OTHER_REASONS_%,17.51,DURING COVID-19
Textiles,4,2021,OTHER_REASONS_%,16.91,DURING COVID-19
Wearing apparel,4,2003,OTHER_REASONS_%,7.53,BEFORE COVID-19
Wearing apparel,1,2004,OTHER_REASONS_%,25.0,BEFORE COVID-19
Wearing apparel,2,2004,OTHER_REASONS_%,21.69,BEFORE COVID-19
Wearing apparel,3,2004,OTHER_REASONS_%,11.67,BEFORE COVID-19
Wearing apparel,4,2004,OTHER_REASONS_%,8.45,BEFORE COVID-19
Wearing apparel,1,2005,OTHER_REASONS_%,8.28,BEFORE COVID-19
Wearing apparel,2,2005,OTHER_REASONS_%,14.06,BEFORE COVID-19
Wearing apparel,3,2005,OTHER_REASONS_%,9.89,BEFORE COVID-19
Wearing apparel,4,2005,OTHER_REASONS_%,40.0,BEFORE COVID-19
Wearing apparel,1,2006,OTHER_REASONS_%,38.46,BEFORE COVID-19
Wearing apparel,2,2006,OTHER_REASONS_%,48.24,BEFORE COVID-19
Wearing apparel,3,2006,OTHER_REASONS_%,38.36,BEFORE COVID-19
Wearing apparel,4,2006,OTHER_REASONS_%,33.59,BEFORE COVID-19
Wearing apparel,1,2007,OTHER_REASONS_%,22.35,BEFORE COVID-19
Wearing apparel,2,2007,OTHER_REASONS_%,32.62,BEFORE COVID-19
Wearing apparel,3,2007,OTHER_REASONS_%,40.36,BEFORE COVID-19
Wearing apparel,4,2007,OTHER_REASONS_%,40.4,BEFORE COVID-19
Wearing apparel,1,2008,OTHER_REASONS_%,31.55,BEFORE COVID-19
Wearing apparel,2,2008,OTHER_REASONS_%,31.55,BEFORE COVID-19
Wearing apparel,3,2008,OTHER_REASONS_%,27.17,BEFORE COVID-19
Wearing apparel,4,2008,OTHER_REASONS_%,24.6,BEFORE COVID-19
Wearing apparel,1,2009,OTHER_REASONS_%,21.32,BEFORE COVID-19
Wearing apparel,2,2009,OTHER_REASONS_%,16.84,BEFORE COVID-19
Wearing apparel,3,2009,OTHER_REASONS_%,19.72,BEFORE COVID-19
Wearing apparel,4,2009,OTHER_REASONS_%,17.68,BEFORE COVID-19
Wearing apparel,1,2010,OTHER_REASONS_%,12.08,BEFORE COVID-19
Wearing apparel,2,2010,OTHER_REASONS_%,14.41,BEFORE COVID-19
Wearing apparel,3,2010,OTHER_REASONS_%,18.88,BEFORE COVID-19
Wearing apparel,4,2010,OTHER_REASONS_%,21.26,BEFORE COVID-19
Wearing apparel,1,2011,OTHER_REASONS_%,17.6,BEFORE COVID-19
Wearing apparel,2,2011,OTHER_REASONS_%,21.67,BEFORE COVID-19
Wearing apparel,3,2011,OTHER_REASONS_%,16.23,BEFORE COVID-19
Wearing apparel,4,2011,OTHER_REASONS_%,19.37,BEFORE COVID-19
Wearing apparel,1,2012,OTHER_REASONS_%,22.22,BEFORE COVID-19
Wearing apparel,2,2012,OTHER_REASONS_%,17.62,BEFORE COVID-19
Wearing apparel,3,2012,OTHER_REASONS_%,25.0,BEFORE COVID-19
Wearing apparel,4,2012,OTHER_REASONS_%,30.71,BEFORE COVID-19
Wearing apparel,1,2013,OTHER_REASONS_%,18.32,BEFORE COVID-19
Wearing apparel,2,2013,OTHER_REASONS_%,17.93,BEFORE COVID-19
Wearing apparel,3,2013,OTHER_REASONS_%,16.33,BEFORE COVID-19
Wearing apparel,4,2013,OTHER_REASONS_%,14.21,BEFORE COVID-19
Wearing apparel,1,2014,OTHER_REASONS_%,15.0,BEFORE COVID-19
Wearing apparel,2,2014,OTHER_REASONS_%,12.05,BEFORE COVID-19
Wearing apparel,3,2014,OTHER_REASONS_%,10.53,BEFORE COVID-19
Wearing apparel,4,2014,OTHER_REASONS_%,11.28,BEFORE COVID-19
Wearing apparel,1,2015,OTHER_REASONS_%,11.17,BEFORE COVID-19
Wearing apparel,2,2015,OTHER_REASONS_%,13.74,BEFORE COVID-19
Wearing apparel,3,2015,OTHER_REASONS_%,13.74,BEFORE COVID-19
Wearing apparel,4,2015,OTHER_REASONS_%,16.43,BEFORE COVID-19
Wearing apparel,1,2016,OTHER_REASONS_%,16.13,BEFORE COVID-19
Wearing apparel,2,2016,OTHER_REASONS_%,15.65,BEFORE COVID-19
Wearing apparel,3,2016,OTHER_REASONS_%,15.65,BEFORE COVID-19
Wearing apparel,4,2016,OTHER_REASONS_%,14.29,BEFORE COVID-19
Wearing apparel,1,2017,OTHER_REASONS_%,13.64,BEFORE COVID-19
Wearing apparel,2,2017,OTHER_REASONS_%,16.06,BEFORE COVID-19
Wearing apparel,3,2017,OTHER_REASONS_%,14.68,BEFORE COVID-19
Wearing apparel,4,2017,OTHER_REASONS_%,15.23,BEFORE COVID-19
Wearing apparel,1,2018,OTHER_REASONS_%,15.16,BEFORE COVID-19
Wearing apparel,2,2018,OTHER_REASONS_%,14.29,BEFORE COVID-19
Wearing apparel,3,2018,OTHER_REASONS_%,14.57,BEFORE COVID-19
Wearing apparel,4,2018,OTHER_REASONS_%,14.74,BEFORE COVID-19
Wearing apparel,1,2019,OTHER_REASONS_%,14.88,BEFORE COVID-19
Wearing apparel,2,2019,OTHER_REASONS_%,14.86,BEFORE COVID-19
Wearing apparel,3,2019,OTHER_REASONS_%,14.68,BEFORE COVID-19
Wearing apparel,4,2019,OTHER_REASONS_%,14.57,BEFORE COVID-19
Wearing apparel,1,2020,OTHER_REASONS_%,14.52,BEFORE COVID-19
Wearing apparel,2,2020,OTHER_REASONS_%,31.82,DURING COVID-19
Wearing apparel,3,2020,OTHER_REASONS_%,42.92,DURING COVID-19
Wearing apparel,4,2020,OTHER_REASONS_%,17.94,DURING COVID-19
Wearing apparel,1,2021,OTHER_REASONS_%,15.85,DURING COVID-19
Wearing apparel,2,2021,OTHER_REASONS_%,15.58,DURING COVID-19
Wearing apparel,3,2021,OTHER_REASONS_%,14.74,DURING COVID-19
Wearing apparel,4,2021,OTHER_REASONS_%,15.87,DURING COVID-19
Leather,4,2003,OTHER_REASONS_%,30.0,BEFORE COVID-19
Leather,1,2004,OTHER_REASONS_%,14.38,BEFORE COVID-19
Leather,2,2004,OTHER_REASONS_%,14.51,BEFORE COVID-19
Leather,3,2004,OTHER_REASONS_%,8.38,BEFORE COVID-19
Leather,4,2004,OTHER_REASONS_%,4.6,BEFORE COVID-19
Leather,1,2005,OTHER_REASONS_%,11.79,BEFORE COVID-19
Leather,2,2005,OTHER_REASONS_%,17.86,BEFORE COVID-19
Leather,3,2005,OTHER_REASONS_%,21.89,BEFORE COVID-19
Leather,4,2005,OTHER_REASONS_%,41.53,BEFORE COVID-19
Leather,1,2006,OTHER_REASONS_%,35.33,BEFORE COVID-19
Leather,2,2006,OTHER_REASONS_%,22.32,BEFORE COVID-19
Leather,3,2006,OTHER_REASONS_%,6.55,BEFORE COVID-19
Leather,4,2006,OTHER_REASONS_%,32.65,BEFORE COVID-19
Leather,1,2007,OTHER_REASONS_%,15.66,BEFORE COVID-19
Leather,2,2007,OTHER_REASONS_%,2.33,BEFORE COVID-19
Leather,3,2007,OTHER_REASONS_%,0.0,BEFORE COVID-19
Leather,4,2007,OTHER_REASONS_%,0.0,BEFORE COVID-19
Leather,1,2008,OTHER_REASONS_%,0.0,BEFORE COVID-19
Leather,2,2008,OTHER_REASONS_%,0.0,BEFORE COVID-19
Leather,3,2008,OTHER_REASONS_%,0.0,BEFORE COVID-19
Leather,4,2008,OTHER_REASONS_%,16.85,BEFORE COVID-19
Leather,1,2009,OTHER_REASONS_%,2.36,BEFORE COVID-19
Leather,2,2009,OTHER_REASONS_%,3.53,BEFORE COVID-19
Leather,3,2009,OTHER_REASONS_%,0.35,BEFORE COVID-19
Leather,4,2009,OTHER_REASONS_%,0.0,BEFORE COVID-19
Leather,1,2010,OTHER_REASONS_%,0.0,BEFORE COVID-19
Leather,2,2010,OTHER_REASONS_%,0.0,BEFORE COVID-19
Leather,3,2010,OTHER_REASONS_%,27.03,BEFORE COVID-19
Leather,4,2010,OTHER_REASONS_%,0.0,BEFORE COVID-19
Leather,1,2011,OTHER_REASONS_%,1.7,BEFORE COVID-19
Leather,2,2011,OTHER_REASONS_%,38.38,BEFORE COVID-19
Leather,3,2011,OTHER_REASONS_%,26.39,BEFORE COVID-19
Leather,4,2011,OTHER_REASONS_%,20.82,BEFORE COVID-19
Leather,1,2012,OTHER_REASONS_%,6.41,BEFORE COVID-19
Leather,2,2012,OTHER_REASONS_%,19.16,BEFORE COVID-19
Leather,3,2012,OTHER_REASONS_%,28.25,BEFORE COVID-19
Leather,4,2012,OTHER_REASONS_%,7.89,BEFORE COVID-19
Leather,1,2013,OTHER_REASONS_%,11.26,BEFORE COVID-19
Leather,2,2013,OTHER_REASONS_%,14.95,BEFORE COVID-19
Leather,3,2013,OTHER_REASONS_%,14.84,BEFORE COVID-19
Leather,4,2013,OTHER_REASONS_%,6.12,BEFORE COVID-19
Leather,1,2014,OTHER_REASONS_%,4.44,BEFORE COVID-19
Leather,2,2014,OTHER_REASONS_%,5.98,BEFORE COVID-19
Leather,3,2014,OTHER_REASONS_%,4.29,BEFORE COVID-19
Leather,4,2014,OTHER_REASONS_%,4.33,BEFORE COVID-19
Leather,1,2015,OTHER_REASONS_%,6.4,BEFORE COVID-19
Leather,2,2015,OTHER_REASONS_%,6.67,BEFORE COVID-19
Leather,3,2015,OTHER_REASONS_%,6.67,BEFORE COVID-19
Leather,4,2015,OTHER_REASONS_%,8.59,BEFORE COVID-19
Leather,1,2016,OTHER_REASONS_%,6.72,BEFORE COVID-19
Leather,2,2016,OTHER_REASONS_%,7.05,BEFORE COVID-19
Leather,3,2016,OTHER_REASONS_%,4.61,BEFORE COVID-19
Leather,4,2016,OTHER_REASONS_%,6.4,BEFORE COVID-19
Leather,1,2017,OTHER_REASONS_%,5.12,BEFORE COVID-19
Leather,2,2017,OTHER_REASONS_%,7.45,BEFORE COVID-19
Leather,3,2017,OTHER_REASONS_%,7.12,BEFORE COVID-19
Leather,4,2017,OTHER_REASONS_%,7.39,BEFORE COVID-19
Leather,1,2018,OTHER_REASONS_%,6.2,BEFORE COVID-19
Leather,2,2018,OTHER_REASONS_%,4.8,BEFORE COVID-19
Leather,3,2018,OTHER_REASONS_%,3.3,BEFORE COVID-19
Leather,4,2018,OTHER_REASONS_%,7.52,BEFORE COVID-19
Leather,1,2019,OTHER_REASONS_%,10.54,BEFORE COVID-19
Leather,2,2019,OTHER_REASONS_%,10.38,BEFORE COVID-19
Leather,3,2019,OTHER_REASONS_%,9.9,BEFORE COVID-19
Leather,4,2019,OTHER_REASONS_%,12.4,BEFORE COVID-19
Leather,1,2020,OTHER_REASONS_%,12.24,BEFORE COVID-19
Leather,2,2020,OTHER_REASONS_%,26.78,DURING COVID-19
Leather,3,2020,OTHER_REASONS_%,15.01,DURING COVID-19
Leather,4,2020,OTHER_REASONS_%,15.34,DURING COVID-19
Leather,1,2021,OTHER_REASONS_%,13.26,DURING COVID-19
Leather,2,2021,OTHER_REASONS_%,45.18,DURING COVID-19
Leather,3,2021,OTHER_REASONS_%,15.75,DURING COVID-19
Leather,4,2021,OTHER_REASONS_%,19.08,DURING COVID-19
Footwear,4,2003,OTHER_REASONS_%,17.22,BEFORE COVID-19
Footwear,1,2004,OTHER_REASONS_%,13.13,BEFORE COVID-19
Footwear,2,2004,OTHER_REASONS_%,0.53,BEFORE COVID-19
Footwear,3,2004,OTHER_REASONS_%,1.67,BEFORE COVID-19
Footwear,4,2004,OTHER_REASONS_%,0.0,BEFORE COVID-19
Footwear,1,2005,OTHER_REASONS_%,13.92,BEFORE COVID-19
Footwear,2,2005,OTHER_REASONS_%,10.59,BEFORE COVID-19
Footwear,3,2005,OTHER_REASONS_%,9.8,BEFORE COVID-19
Footwear,4,2005,OTHER_REASONS_%,33.33,BEFORE COVID-19
Footwear,1,2006,OTHER_REASONS_%,19.05,BEFORE COVID-19
Footwear,2,2006,OTHER_REASONS_%,14.63,BEFORE COVID-19
Footwear,3,2006,OTHER_REASONS_%,17.31,BEFORE COVID-19
Footwear,4,2006,OTHER_REASONS_%,18.18,BEFORE COVID-19
Footwear,1,2007,OTHER_REASONS_%,25.51,BEFORE COVID-19
Footwear,2,2007,OTHER_REASONS_%,19.57,BEFORE COVID-19
Footwear,3,2007,OTHER_REASONS_%,35.56,BEFORE COVID-19
Footwear,4,2007,OTHER_REASONS_%,22.32,BEFORE COVID-19
Footwear,1,2008,OTHER_REASONS_%,32.95,BEFORE COVID-19
Footwear,2,2008,OTHER_REASONS_%,25.3,BEFORE COVID-19
Footwear,3,2008,OTHER_REASONS_%,27.17,BEFORE COVID-19
Footwear,4,2008,OTHER_REASONS_%,46.15,BEFORE COVID-19
Footwear,1,2009,OTHER_REASONS_%,45.71,BEFORE COVID-19
Footwear,2,2009,OTHER_REASONS_%,5.0,BEFORE COVID-19
Footwear,3,2009,OTHER_REASONS_%,0.0,BEFORE COVID-19
Footwear,4,2009,OTHER_REASONS_%,0.0,BEFORE COVID-19
Footwear,1,2010,OTHER_REASONS_%,0.0,BEFORE COVID-19
Footwear,2,2010,OTHER_REASONS_%,4.48,BEFORE COVID-19
Footwear,3,2010,OTHER_REASONS_%,0.0,BEFORE COVID-19
Footwear,4,2010,OTHER_REASONS_%,0.0,BEFORE COVID-19
Footwear,1,2011,OTHER_REASONS_%,0.0,BEFORE COVID-19
Footwear,2,2011,OTHER_REASONS_%,0.0,BEFORE COVID-19
Footwear,3,2011,OTHER_REASONS_%,3.73,BEFORE COVID-19
Footwear,4,2011,OTHER_REASONS_%,4.55,BEFORE COVID-19
Footwear,1,2012,OTHER_REASONS_%,0.0,BEFORE COVID-19
Footwear,2,2012,OTHER_REASONS_%,0.0,BEFORE COVID-19
Footwear,3,2012,OTHER_REASONS_%,0.0,BEFORE COVID-19
Footwear,4,2012,OTHER_REASONS_%,0.0,BEFORE COVID-19
Footwear,1,2013,OTHER_REASONS_%,0.0,BEFORE COVID-19
Footwear,2,2013,OTHER_REASONS_%,0.0,BEFORE COVID-19
Footwear,3,2013,OTHER_REASONS_%,0.0,BEFORE COVID-19
Footwear,4,2013,OTHER_REASONS_%,0.0,BEFORE COVID-19
Footwear,1,2014,OTHER_REASONS_%,0.0,BEFORE COVID-19
Footwear,2,2014,OTHER_REASONS_%,0.0,BEFORE COVID-19
Footwear,3,2014,OTHER_REASONS_%,0.0,BEFORE COVID-19
Footwear,4,2014,OTHER_REASONS_%,4.32,BEFORE COVID-19
Footwear,1,2015,OTHER_REASONS_%,4.55,BEFORE COVID-19
Footwear,2,2015,OTHER_REASONS_%,0.0,BEFORE COVID-19
Footwear,3,2015,OTHER_REASONS_%,0.0,BEFORE COVID-19
Footwear,4,2015,OTHER_REASONS_%,0.0,BEFORE COVID-19
Footwear,1,2016,OTHER_REASONS_%,0.0,BEFORE COVID-19
Footwear,2,2016,OTHER_REASONS_%,0.0,BEFORE COVID-19
Footwear,3,2016,OTHER_REASONS_%,0.0,BEFORE COVID-19
Footwear,4,2016,OTHER_REASONS_%,0.0,BEFORE COVID-19
Footwear,1,2017,OTHER_REASONS_%,0.0,BEFORE COVID-19
Footwear,2,2017,OTHER_REASONS_%,5.82,BEFORE COVID-19
Footwear,3,2017,OTHER_REASONS_%,0.0,BEFORE COVID-19
Footwear,4,2017,OTHER_REASONS_%,0.0,BEFORE COVID-19
Footwear,1,2018,OTHER_REASONS_%,0.0,BEFORE COVID-19
Footwear,2,2018,OTHER_REASONS_%,0.0,BEFORE COVID-19
Footwear,3,2018,OTHER_REASONS_%,0.0,BEFORE COVID-19
Footwear,4,2018,OTHER_REASONS_%,0.0,BEFORE COVID-19
Footwear,1,2019,OTHER_REASONS_%,0.0,BEFORE COVID-19
Footwear,2,2019,OTHER_REASONS_%,0.0,BEFORE COVID-19
Footwear,3,2019,OTHER_REASONS_%,7.91,BEFORE COVID-19
Footwear,4,2019,OTHER_REASONS_%,17.89,BEFORE COVID-19
Footwear,1,2020,OTHER_REASONS_%,11.22,BEFORE COVID-19
Footwear,2,2020,OTHER_REASONS_%,22.32,DURING COVID-19
Footwear,3,2020,OTHER_REASONS_%,15.31,DURING COVID-19
Footwear,4,2020,OTHER_REASONS_%,0.0,DURING COVID-19
Footwear,1,2021,OTHER_REASONS_%,10.05,DURING COVID-19
Footwear,2,2021,OTHER_REASONS_%,0.0,DURING COVID-19
Footwear,3,2021,OTHER_REASONS_%,0.0,DURING COVID-19
Footwear,4,2021,OTHER_REASONS_%,6.49,DURING COVID-19
